Pokemon,generation,type,hp,attack,defense,speed,Number of votes,Popularity Ranking
Charizard,1,Fire,78.0,84.0,78.0,100.0,1107,1
Gengar,1,Ghost,60.0,65.0,60.0,110.0,1056,2
Arcanine,1,Fire,90.0,110.0,80.0,95.0,923,3
Bulbasaur,1,Grass,45.0,49.0,49.0,45.0,710,4
Blaziken,3,Fire,80.0,120.0,70.0,80.0,613,5
Umbreon,2,Dark,95.0,65.0,110.0,65.0,607,6
Lucario,4,Fighting,70.0,110.0,70.0,90.0,604,7
Gardevoir,3,Psychic,68.0,65.0,65.0,80.0,585,8
Eevee,1,Normal,55.0,55.0,50.0,55.0,581,9
Dragonite,1,Dragon,91.0,134.0,95.0,80.0,551,10
Absol,3,Dark,65.0,130.0,60.0,75.0,542,11
Typhlosion,2,Fire,78.0,84.0,78.0,100.0,534,12
Ampharos,2,Electric,90.0,75.0,85.0,55.0,529,13
Squirtle,1,Water,44.0,48.0,65.0,43.0,523,14
Flygon,3,Ground,80.0,100.0,80.0,100.0,510,15
Ninetales,1,Fire,73.0,76.0,75.0,100.0,471,16
Tyranitar,2,Rock,100.0,134.0,110.0,61.0,451,17
Infernape,4,Fire,76.0,104.0,71.0,108.0,443,18
Snorlax,1,Normal,160.0,110.0,65.0,30.0,433,19
Torterra,4,Grass,95.0,109.0,105.0,56.0,430,20
Luxray,4,Electric,80.0,120.0,79.0,70.0,429,21
Scizor,2,Bug,70.0,130.0,100.0,65.0,424,22
Blastoise,1,Water,79.0,83.0,100.0,78.0,410,23
Mudkip,3,Water,50.0,70.0,50.0,40.0,404,24
Garchomp,4,Dragon,108.0,130.0,95.0,102.0,404,24
Metagross,3,Steel,80.0,135.0,130.0,70.0,395,26
Scyther,1,Bug,70.0,110.0,80.0,105.0,394,27
Espeon,2,Psychic,65.0,65.0,60.0,110.0,384,28
Swampert,3,Water,100.0,110.0,90.0,60.0,381,29
Cyndaquil,2,Fire,39.0,52.0,43.0,65.0,377,30
Alakazam,1,Psychic,55.0,50.0,45.0,120.0,376,31
Charmander,1,Fire,39.0,52.0,43.0,65.0,374,32
Empoleon,4,Water,84.0,86.0,88.0,60.0,346,33
Sceptile,3,Grass,70.0,85.0,65.0,120.0,337,34
Jolteon,1,Electric,65.0,65.0,60.0,130.0,335,35
Cubone,1,Ground,50.0,50.0,95.0,35.0,321,36
Rayquaza,3,Dragon,105.0,150.0,90.0,95.0,316,37
Aggron,3,Steel,70.0,110.0,180.0,50.0,313,38
Vulpix,1,Fire,38.0,41.0,40.0,65.0,302,39
Haunter,1,Ghost,45.0,50.0,45.0,95.0,301,40
Raichu,1,Electric,60.0,90.0,55.0,110.0,301,40
Totodile,2,Water,50.0,65.0,64.0,43.0,300,42
Mewtwo,1,Psychic,106.0,110.0,90.0,130.0,298,43
Pikachu,1,Electric,35.0,55.0,40.0,90.0,293,44
Volcarona,5,Bug,85.0,60.0,65.0,100.0,290,45
Feraligatr,2,Water,85.0,105.0,100.0,78.0,287,46
Mimikyu,7,Ghost,55.0,90.0,80.0,96.0,284,47
Sylveon,6,Fairy,95.0,65.0,65.0,60.0,282,48
Psyduck,1,Water,50.0,52.0,48.0,55.0,281,49
Heracross,2,Bug,80.0,125.0,75.0,85.0,279,50
Growlithe,1,Fire,55.0,70.0,45.0,60.0,276,51
Vaporeon,1,Water,130.0,65.0,60.0,65.0,275,52
Mew,1,Psychic,100.0,100.0,100.0,100.0,269,53
Nidoking,1,Poison,81.0,102.0,77.0,85.0,265,54
Gyarados,1,Water,95.0,125.0,79.0,81.0,265,54
Lugia,2,Psychic,106.0,90.0,130.0,110.0,260,56
Mawile,3,Steel,50.0,85.0,85.0,50.0,247,57
Gallade,4,Psychic,68.0,125.0,65.0,80.0,239,58
Sableye,3,Dark,50.0,75.0,75.0,50.0,237,59
Lapras,1,Water,130.0,85.0,80.0,60.0,233,60
Crobat,2,Poison,85.0,90.0,80.0,130.0,231,61
Breloom,3,Grass,60.0,130.0,80.0,70.0,228,62
Milotic,3,Water,95.0,60.0,79.0,81.0,224,63
Chandelure,5,Ghost,60.0,55.0,90.0,80.0,222,64
Salamence,3,Dragon,95.0,135.0,80.0,100.0,220,65
Greninja,6,Water,72.0,95.0,67.0,122.0,219,66
Turtwig,4,Grass,55.0,68.0,64.0,31.0,218,67
Dunsparce,2,Normal,100.0,70.0,70.0,45.0,209,68
Sandshrew,1,Ground,50.0,75.0,85.0,40.0,200,69
Piplup,4,Water,53.0,51.0,53.0,40.0,190,70
Weavile,4,Dark,70.0,120.0,65.0,125.0,185,71
Darkrai,4,Dark,70.0,90.0,90.0,125.0,185,71
Ditto,1,Normal,48.0,48.0,48.0,48.0,184,73
Quilava,2,Fire,58.0,64.0,58.0,80.0,181,74
Glaceon,4,Ice,65.0,60.0,110.0,65.0,180,75
Houndoom,2,Dark,75.0,90.0,50.0,95.0,177,76
Shuckle,2,Bug,20.0,10.0,230.0,5.0,176,77
Sandslash,1,Ground,75.0,100.0,110.0,65.0,167,79
Hydreigon,5,Dark,92.0,105.0,90.0,98.0,166,80
Togekiss,4,Fairy,85.0,50.0,95.0,80.0,164,81
Jigglypuff,1,Normal,115.0,45.0,20.0,20.0,162,82
Zoroark,5,Dark,60.0,105.0,60.0,105.0,159,83
Dragonair,1,Dragon,61.0,84.0,65.0,70.0,157,84
Porygon-Z,4,Normal,85.0,80.0,70.0,90.0,148,86
Ludicolo,3,Water,80.0,70.0,70.0,70.0,147,87
Froslass,4,Ice,70.0,80.0,70.0,110.0,143,88
Staraptor,4,Normal,85.0,120.0,70.0,100.0,142,89
Suicune,2,Water,100.0,75.0,115.0,85.0,140,90
Whimsicott,5,Grass,60.0,67.0,85.0,116.0,139,91
Altaria,3,Dragon,75.0,70.0,90.0,80.0,136,92
Articuno,1,Ice,90.0,85.0,100.0,85.0,136,92
Skarmory,2,Steel,65.0,80.0,140.0,70.0,135,94
Treecko,3,Grass,40.0,45.0,35.0,70.0,134,95
Wartortle,1,Water,59.0,63.0,80.0,58.0,133,96
Gliscor,4,Ground,75.0,95.0,125.0,95.0,132,97
Furret,2,Normal,85.0,76.0,64.0,90.0,132,97
Grovyle,3,Grass,50.0,65.0,45.0,95.0,129,99
Oddish,1,Grass,45.0,50.0,55.0,30.0,127,100
Venusaur,1,Grass,80.0,82.0,83.0,80.0,127,100
Leafeon,4,Grass,65.0,110.0,130.0,95.0,127,100
Shinx,4,Electric,45.0,65.0,34.0,45.0,124,103
Quagsire,2,Water,95.0,85.0,85.0,35.0,123,104
Jirachi,3,Steel,100.0,100.0,100.0,100.0,123,104
Zapdos,1,Electric,90.0,90.0,85.0,100.0,121,106
Magikarp,1,Water,20.0,10.0,55.0,80.0,119,107
Mareep,2,Electric,55.0,40.0,40.0,35.0,118,108
Kabutops,1,Rock,60.0,115.0,105.0,80.0,118,108
Tropius,3,Grass,99.0,68.0,83.0,51.0,118,108
Slowpoke,1,Water,90.0,65.0,65.0,15.0,118,108
Galvantula,5,Bug,70.0,77.0,60.0,108.0,117,113
Shedinja,3,Bug,1.0,90.0,45.0,40.0,116,114
Noivern,6,Flying,85.0,70.0,80.0,123.0,116,114
Haxorus,5,Dragon,76.0,147.0,90.0,97.0,115,116
Electivire,4,Electric,75.0,123.0,67.0,95.0,113,117
Reuniclus,5,Psychic,110.0,65.0,75.0,30.0,112,118
Starmie,1,Water,60.0,75.0,85.0,115.0,111,120
Abra,1,Psychic,25.0,20.0,15.0,90.0,111,120
Wooper,2,Water,55.0,45.0,45.0,15.0,109,122
Decidueye,7,Grass,78.0,107.0,75.0,70.0,107,123
Azumarill,2,Water,100.0,50.0,80.0,50.0,106,124
Serperior,5,Grass,75.0,75.0,95.0,113.0,106,124
Torchic,3,Fire,45.0,60.0,40.0,45.0,105,126
Machamp,1,Fighting,90.0,130.0,80.0,55.0,104,127
Sneasel,2,Dark,55.0,95.0,55.0,115.0,103,128
Zangoose,3,Normal,73.0,115.0,60.0,90.0,99,129
Chikorita,2,Grass,45.0,49.0,65.0,45.0,98,130
Porygon,1,Normal,65.0,60.0,70.0,40.0,97,131
Latias,3,Dragon,80.0,80.0,90.0,110.0,97,131
Aron,3,Steel,50.0,70.0,100.0,30.0,96,133
Pidgeot,1,Normal,83.0,80.0,75.0,101.0,96,133
Poliwhirl,1,Water,65.0,65.0,65.0,90.0,96,133
Krookodile,5,Ground,95.0,117.0,80.0,92.0,95,136
Steelix,2,Steel,75.0,85.0,200.0,30.0,95,136
Lilligant,5,Grass,70.0,60.0,75.0,90.0,94,138
Flareon,1,Fire,65.0,130.0,60.0,65.0,94,138
Bisharp,5,Dark,65.0,125.0,100.0,70.0,93,140
Dratini,1,Dragon,41.0,64.0,45.0,50.0,92,141
Victini,5,Psychic,100.0,100.0,100.0,100.0,91,142
Buizel,4,Water,55.0,65.0,35.0,85.0,90,144
Rowlet,7,Grass,68.0,55.0,55.0,42.0,89,145
Golurk,5,Ground,89.0,124.0,80.0,55.0,87,146
Roserade,4,Grass,60.0,70.0,65.0,90.0,86,147
Wailord,3,Water,170.0,90.0,45.0,60.0,86,147
Murkrow,2,Water,95.0,75.0,80.0,30.0,86,147
Muk,1,Poison,105.0,105.0,75.0,50.0,86,147
Goodra,6,Dragon,90.0,100.0,70.0,80.0,85,151
Beedrill,1,Bug,65.0,90.0,40.0,75.0,83,152
Ivysaur,1,Grass,60.0,62.0,63.0,60.0,83,152
Oshawott,5,Water,55.0,55.0,45.0,45.0,83,152
Marowak,1,Ground,60.0,80.0,110.0,45.0,83,152
Spheal,3,Ice,70.0,40.0,50.0,25.0,83,152
Toxicroak,4,Poison,83.0,106.0,65.0,85.0,82,157
Kadabra,1,Psychic,40.0,35.0,30.0,105.0,82,157
Zorua,5,Dark,40.0,65.0,40.0,65.0,82,157
Ralts,3,Psychic,28.0,25.0,25.0,40.0,82,157
Bidoof,4,Normal,59.0,45.0,40.0,31.0,81,161
Lopunny,4,Normal,65.0,76.0,84.0,105.0,81,161
Misdreavus,2,Ghost,60.0,60.0,60.0,85.0,80,163
Scolipede,5,Bug,60.0,100.0,89.0,112.0,80,163
Scrafty,5,Dark,65.0,90.0,115.0,58.0,80,163
Banette,3,Ghost,64.0,115.0,65.0,65.0,80,163
Mismagius,4,Ghost,60.0,60.0,60.0,105.0,80,163
Wobbuffet,2,Psychic,190.0,33.0,58.0,33.0,79,168
Joltik,5,Bug,50.0,47.0,50.0,65.0,79,168
Slowbro,1,Water,95.0,75.0,110.0,30.0,79,168
Golisopod,7,Bug,75.0,125.0,140.0,40.0,79,168
Celebi,2,Psychic,100.0,100.0,100.0,100.0,78,172
Rapidash,1,Fire,65.0,100.0,70.0,105.0,77,173
Phanpy,2,Ground,90.0,60.0,60.0,40.0,77,173
Meganium,2,Grass,80.0,82.0,100.0,80.0,75,175
Skitty,3,Normal,50.0,45.0,45.0,50.0,74,177
Honchkrow,4,Dark,100.0,125.0,52.0,71.0,74,177
Dialga,4,Steel,100.0,120.0,120.0,90.0,73,179
Politoed,2,Water,90.0,75.0,75.0,70.0,73,179
Tyrantrum,6,Rock,82.0,121.0,119.0,71.0,73,179
Donphan,2,Ground,90.0,120.0,120.0,50.0,72,182
Kingdra,2,Water,75.0,95.0,95.0,85.0,72,182
Drifloon,4,Ghost,90.0,50.0,34.0,70.0,71,184
Kyogre,3,Water,100.0,100.0,90.0,90.0,71,184
Togepi,2,Fairy,35.0,20.0,65.0,20.0,71,184
Charmeleon,1,Fire,58.0,64.0,58.0,80.0,70,187
Chimchar,4,Fire,44.0,58.0,44.0,61.0,70,187
Mamoswine,4,Ice,110.0,130.0,80.0,80.0,69,190
Porygon2,2,Normal,85.0,80.0,90.0,60.0,69,190
Slaking,3,Normal,150.0,160.0,100.0,100.0,69,190
Latios,3,Dragon,80.0,90.0,80.0,110.0,68,193
Samurott,5,Water,95.0,100.0,85.0,70.0,68,193
Vileplume,1,Grass,75.0,80.0,85.0,50.0,67,195
Aipom,2,Normal,55.0,70.0,55.0,85.0,66,196
Bayleef,2,Grass,60.0,62.0,80.0,60.0,66,196
Rotom,4,Electric,50.0,50.0,77.0,91.0,65,198
Riolu,4,Fighting,40.0,70.0,40.0,60.0,64,199
Hawlucha,6,Fighting,78.0,92.0,75.0,118.0,64,199
Lanturn,2,Water,125.0,58.0,58.0,67.0,63,201
Koffing,1,Poison,40.0,65.0,95.0,35.0,62,202
Snivy,5,Grass,45.0,45.0,55.0,63.0,62,202
Manectric,3,Electric,70.0,75.0,60.0,105.0,62,202
Kingler,1,Water,55.0,130.0,115.0,75.0,62,202
Mightyena,3,Dark,70.0,90.0,70.0,70.0,61,206
Groudon,3,Ground,100.0,150.0,140.0,90.0,61,206
Magnemite,1,Electric,25.0,35.0,70.0,45.0,61,206
Litwick,5,Ghost,50.0,30.0,55.0,20.0,60,209
Sudowoodo,2,Rock,70.0,100.0,115.0,30.0,60,209
Golduck,1,Water,80.0,82.0,78.0,85.0,60,209
Pichu,2,Electric,20.0,40.0,15.0,60.0,59,212
Primeape,1,Fighting,65.0,105.0,60.0,95.0,59,212
Butterfree,1,Bug,60.0,45.0,50.0,70.0,58,214
Incineroar,7,Fire,95.0,115.0,90.0,60.0,58,214
Maractus,5,Grass,75.0,86.0,67.0,60.0,57,216
Espurr,6,Psychic,62.0,48.0,54.0,68.0,57,216
Entei,2,Fire,115.0,115.0,85.0,100.0,56,218
Zigzagoon,3,Normal,38.0,30.0,41.0,60.0,56,218
Cloyster,1,Water,50.0,95.0,180.0,70.0,56,218
Poliwrath,1,Water,90.0,95.0,95.0,70.0,56,218
Magnezone,4,Electric,70.0,70.0,115.0,60.0,55,222
Lickitung,1,Normal,90.0,55.0,75.0,30.0,55,222
Smeargle,2,Normal,55.0,20.0,35.0,75.0,55,222
Miltank,2,Normal,95.0,80.0,105.0,100.0,54,225
Tauros,1,Normal,75.0,100.0,95.0,110.0,54,225
Magneton,1,Electric,50.0,60.0,95.0,70.0,54,225
Goomy,6,Dragon,45.0,50.0,35.0,40.0,53,228
Chansey,1,Normal,250.0,5.0,5.0,50.0,53,228
Hitmonchan,1,Fighting,50.0,105.0,79.0,76.0,52,230
Primarina,7,Water,80.0,74.0,74.0,60.0,51,231
Ponyta,1,Fire,50.0,85.0,55.0,90.0,51,231
Aerodactyl,1,Rock,80.0,105.0,65.0,130.0,51,231
Dewott,5,Water,75.0,75.0,60.0,60.0,51,231
Trubbish,5,Poison,50.0,50.0,62.0,65.0,51,231
Weezing,1,Poison,65.0,90.0,120.0,60.0,50,236
Munchlax,4,Normal,135.0,85.0,40.0,5.0,50,236
Xatu,2,Psychic,65.0,75.0,70.0,95.0,50,236
Exeggutor,1,Grass,95.0,95.0,85.0,55.0,50,236
Meowth,1,Normal,40.0,45.0,35.0,90.0,50,236
Larvitar,2,Rock,50.0,64.0,50.0,41.0,50,236
Pyukumuku,7,Water,55.0,60.0,130.0,5.0,49,242
Eelektross,5,Electric,85.0,115.0,80.0,50.0,49,242
Dewgong,1,Water,90.0,70.0,80.0,70.0,49,242
Croagunk,4,Poison,48.0,61.0,40.0,50.0,48,246
Gastrodon,4,Water,111.0,83.0,68.0,39.0,47,247
Diglett,1,Ground,10.0,55.0,25.0,95.0,47,247
Tangela,1,Grass,65.0,55.0,115.0,60.0,47,247
Braixen,6,Fire,59.0,59.0,58.0,73.0,46,250
Cradily,3,Rock,86.0,81.0,97.0,43.0,46,250
Archeops,5,Rock,75.0,140.0,65.0,110.0,46,250
Slowking,2,,,,,,46,250
Onix,1,Rock,35.0,45.0,160.0,70.0,46,250
Emolga,5,Electric,55.0,75.0,60.0,103.0,46,250
Hitmonlee,1,Fighting,50.0,120.0,53.0,87.0,45,256
Golem,1,Rock,80.0,120.0,130.0,45.0,45,256
Sigilyph,5,Psychic,72.0,58.0,80.0,97.0,44,259
Klefki,6,Steel,57.0,80.0,91.0,75.0,44,259
Duskull,3,Ghost,20.0,40.0,90.0,25.0,44,259
Scraggy,5,Dark,50.0,75.0,70.0,48.0,44,259
Clefairy,1,Fairy,70.0,45.0,48.0,35.0,44,259
Rhydon,1,Ground,105.0,130.0,120.0,40.0,43,264
Flaaffy,2,Electric,70.0,55.0,55.0,45.0,43,264
Magmar,1,Fire,65.0,95.0,57.0,93.0,42,266
Camerupt,3,Fire,70.0,100.0,70.0,40.0,42,266
Floatzel,4,Water,85.0,105.0,55.0,115.0,42,266
Electabuzz,1,Electric,65.0,83.0,57.0,105.0,42,266
Krabby,1,Water,30.0,105.0,90.0,50.0,42,266
Dusknoir,4,Ghost,45.0,100.0,135.0,45.0,42,266
Drapion,4,Poison,70.0,90.0,110.0,95.0,42,266
Pidgey,1,Normal,40.0,45.0,40.0,56.0,42,266
Delphox,6,Fire,75.0,69.0,72.0,104.0,41,274
Excadrill,5,Ground,110.0,135.0,60.0,88.0,41,274
Raikou,2,Electric,90.0,85.0,75.0,115.0,41,274
Ribombee,7,Bug,60.0,55.0,60.0,124.0,41,274
Teddiursa,2,Normal,60.0,80.0,50.0,40.0,40,278
Pachirisu,4,Electric,60.0,45.0,70.0,95.0,40,278
Cinccino,5,Normal,75.0,95.0,60.0,115.0,40,278
Zekrom,5,Dragon,100.0,150.0,120.0,90.0,39,281
Yanmega,4,Bug,86.0,76.0,86.0,95.0,39,281
Clefable,1,Fairy,95.0,70.0,73.0,60.0,39,281
Ferrothorn,5,Grass,74.0,94.0,131.0,20.0,39,281
Swinub,2,Ice,50.0,50.0,40.0,50.0,39,281
Jynx,1,Ice,65.0,50.0,35.0,95.0,38,286
Spinda,3,Normal,60.0,60.0,60.0,60.0,38,286
Geodude,1,Rock,40.0,80.0,100.0,20.0,38,286
Emboar,5,Fire,110.0,123.0,65.0,65.0,38,286
Reshiram,5,Dragon,100.0,120.0,100.0,90.0,38,286
Delibird,2,Ice,45.0,55.0,45.0,75.0,38,286
Torkoal,3,Fire,70.0,85.0,140.0,20.0,37,292
Cofagrigus,5,Ghost,58.0,50.0,145.0,30.0,37,292
Kangaskhan,1,Normal,105.0,95.0,80.0,90.0,37,292
Zubat,1,Poison,40.0,45.0,35.0,55.0,37,292
Octillery,2,Water,75.0,105.0,75.0,45.0,37,292
Gogoat,6,Grass,123.0,100.0,62.0,68.0,37,292
Bewear,7,Normal,120.0,125.0,80.0,60.0,36,298
Castform,3,Normal,70.0,70.0,70.0,70.0,36,298
Spiritomb,4,Ghost,50.0,92.0,108.0,35.0,35,301
Gible,4,Dragon,58.0,70.0,45.0,42.0,35,301
Jumpluff,2,Grass,75.0,55.0,70.0,110.0,35,301
Yveltal,6,Dark,126.0,131.0,95.0,99.0,35,301
Arceus,4,Normal,120.0,120.0,120.0,120.0,35,301
Toxapex,7,Poison,50.0,63.0,152.0,35.0,35,301
Glalie,3,Ice,80.0,80.0,80.0,80.0,34,307
Girafarig,2,Normal,70.0,80.0,65.0,85.0,34,307
Ursaring,2,Normal,90.0,130.0,75.0,55.0,34,307
Audino,5,Normal,103.0,60.0,86.0,50.0,34,307
Palkia,4,Water,90.0,120.0,100.0,100.0,34,307
Wigglytuff,1,Normal,140.0,70.0,45.0,45.0,34,307
Drifblim,4,Ghost,150.0,80.0,44.0,80.0,34,307
Lotad,3,Water,40.0,30.0,30.0,30.0,34,307
Corsola,2,Water,65.0,55.0,95.0,35.0,34,307
Sharpedo,3,Water,70.0,120.0,40.0,95.0,33,317
Persian,1,Normal,65.0,70.0,60.0,115.0,33,317
Braviary,5,Normal,100.0,123.0,75.0,80.0,33,317
Swellow,3,Normal,60.0,85.0,60.0,125.0,33,317
Spoink,3,Psychic,60.0,25.0,35.0,60.0,33,317
Walrein,3,Ice,110.0,80.0,90.0,65.0,33,317
Salazzle,7,Poison,68.0,64.0,60.0,117.0,33,317
Malamar,6,Dark,86.0,92.0,88.0,73.0,33,317
Pinsir,1,Bug,65.0,125.0,100.0,85.0,32,325
Relicanth,3,Water,100.0,90.0,130.0,55.0,32,325
Silvally,7,Normal,95.0,95.0,95.0,95.0,32,325
Pidgeotto,1,Normal,63.0,60.0,55.0,71.0,32,325
Noctowl,2,Normal,100.0,50.0,50.0,70.0,32,325
Klinklang,5,Steel,60.0,100.0,115.0,90.0,32,325
Sawsbuck,5,Normal,80.0,100.0,70.0,95.0,32,325
Parasect,1,Bug,60.0,95.0,80.0,30.0,32,325
Gloom,1,Grass,60.0,65.0,70.0,40.0,32,325
Marill,2,Water,70.0,20.0,50.0,40.0,31,336
Litten,7,Fire,45.0,65.0,40.0,70.0,31,336
Hypno,1,Psychic,85.0,73.0,70.0,67.0,31,336
Tepig,5,Fire,65.0,63.0,45.0,45.0,31,336
Ambipom,4,Normal,75.0,100.0,66.0,115.0,31,336
Linoone,3,Normal,78.0,70.0,61.0,100.0,31,336
Chatot,4,Normal,76.0,65.0,45.0,91.0,31,336
Talonflame,6,Fire,78.0,81.0,71.0,126.0,31,336
Garbodor,5,Poison,80.0,95.0,82.0,75.0,30,344
Crawdaunt,3,Water,63.0,120.0,85.0,55.0,30,344
Tentacruel,1,Water,80.0,70.0,65.0,100.0,30,344
Ledian,2,Bug,55.0,35.0,50.0,85.0,30,344
Gligar,2,Ground,65.0,75.0,105.0,85.0,30,344
Poliwag,1,Water,40.0,50.0,40.0,90.0,30,344
Pelipper,3,Water,60.0,50.0,100.0,65.0,30,344
Delcatty,3,Normal,70.0,65.0,65.0,90.0,30,344
Forretress,2,Bug,75.0,90.0,140.0,40.0,30,344
Marshadow,7,Fighting,90.0,125.0,80.0,125.0,29,353
Regigigas,4,Normal,110.0,160.0,110.0,100.0,29,353
Houndour,2,Dark,45.0,60.0,30.0,65.0,29,353
Mienshao,5,Fighting,65.0,125.0,60.0,105.0,29,353
Shiftry,3,Grass,90.0,100.0,60.0,80.0,29,353
Vanilluxe,5,Ice,71.0,95.0,85.0,79.0,29,353
Chespin,6,Grass,56.0,61.0,65.0,38.0,29,353
Trevenant,6,Ghost,85.0,110.0,76.0,56.0,29,353
Bellossom,2,Grass,75.0,80.0,95.0,50.0,28,361
Kecleon,3,Normal,60.0,90.0,70.0,40.0,28,361
Pangoro,6,Fighting,95.0,124.0,78.0,58.0,28,361
Honedge,6,Steel,45.0,80.0,100.0,28.0,28,361
Dedenne,6,Electric,67.0,58.0,57.0,101.0,28,361
Poochyena,3,Dark,35.0,55.0,35.0,35.0,28,361
Caterpie,1,Bug,45.0,30.0,35.0,45.0,28,361
Genesect,5,Bug,71.0,120.0,95.0,99.0,28,361
Phantump,6,Ghost,43.0,70.0,48.0,38.0,28,361
Rattata,1,Normal,30.0,56.0,35.0,72.0,27,370
Gastly,1,Ghost,30.0,35.0,30.0,80.0,27,370
Mantine,2,Water,85.0,40.0,70.0,70.0,27,370
Stunfisk,5,Ground,109.0,66.0,84.0,32.0,27,370
Bellsprout,1,Grass,50.0,75.0,35.0,40.0,27,370
Ninjask,3,Bug,61.0,90.0,45.0,160.0,27,370
Shroomish,3,Grass,60.0,40.0,60.0,35.0,27,370
Manaphy,4,Water,100.0,100.0,100.0,100.0,27,370
Stoutland,5,Normal,85.0,110.0,90.0,80.0,27,370
Monferno,4,Fire,64.0,78.0,52.0,81.0,27,370
Seel,1,Water,65.0,45.0,55.0,45.0,27,370
Snorunt,3,Ice,50.0,50.0,50.0,50.0,27,370
Venonat,1,Bug,60.0,55.0,50.0,45.0,27,370
Exploud,3,Normal,104.0,91.0,63.0,68.0,26,383
Dugtrio,1,Ground,35.0,100.0,50.0,120.0,26,383
Vespiquen,4,Bug,70.0,80.0,102.0,40.0,26,383
Lurantis,7,Grass,70.0,105.0,90.0,45.0,26,383
Armaldo,3,Rock,75.0,125.0,100.0,45.0,26,383
Magmortar,4,Fire,75.0,95.0,67.0,83.0,26,383
Popplio,7,Water,50.0,54.0,54.0,40.0,26,383
Tsareena,7,Grass,72.0,120.0,98.0,72.0,25,390
Heliolisk,6,Electric,62.0,55.0,52.0,109.0,25,390
Abomasnow,4,Grass,90.0,92.0,75.0,60.0,25,390
Chimecho,3,Psychic,75.0,50.0,80.0,65.0,25,390
Swablu,3,Normal,45.0,40.0,60.0,50.0,25,390
Escavalier,5,Bug,70.0,135.0,105.0,20.0,25,390
Araquanid,7,Water,68.0,70.0,92.0,42.0,25,390
Minun,3,Electric,60.0,40.0,50.0,95.0,24,397
Masquerain,3,Bug,70.0,60.0,62.0,80.0,24,397
Dhelmise,7,Ghost,70.0,131.0,100.0,40.0,24,397
Dragalge,6,Poison,65.0,75.0,90.0,44.0,24,397
Nidoqueen,1,Poison,90.0,92.0,87.0,76.0,23,402
Necrozma,7,Psychic,97.0,107.0,101.0,79.0,23,402
Elekid,2,Electric,45.0,63.0,37.0,95.0,23,402
Machoke,1,Fighting,80.0,100.0,70.0,45.0,23,402
Jellicent,5,Water,100.0,60.0,70.0,60.0,23,402
Cherrim,4,Grass,70.0,60.0,70.0,85.0,23,402
Minccino,5,Normal,55.0,50.0,40.0,75.0,23,402
Cacnea,3,Grass,50.0,85.0,40.0,35.0,23,402
Slakoth,3,Normal,60.0,60.0,60.0,30.0,23,402
Magcargo,2,Fire,60.0,50.0,120.0,30.0,23,402
Zebstrika,5,Electric,75.0,100.0,63.0,116.0,23,402
Cutiefly,7,Bug,40.0,45.0,40.0,84.0,23,402
Fennekin,6,Fire,40.0,45.0,40.0,60.0,23,402
Plusle,3,Electric,60.0,50.0,40.0,95.0,23,402
Whiscash,3,Water,110.0,78.0,73.0,60.0,23,402
Nidorino,1,Poison,61.0,72.0,57.0,65.0,23,402
Machop,1,Fighting,70.0,80.0,50.0,35.0,23,402
Qwilfish,2,Water,65.0,95.0,85.0,85.0,23,402
Surskit,3,Bug,40.0,30.0,32.0,65.0,22,420
Trapinch,3,Ground,45.0,100.0,45.0,10.0,22,420
Yanma,2,Bug,65.0,65.0,45.0,95.0,22,420
Paras,1,Bug,35.0,70.0,55.0,25.0,22,420
Rampardos,4,Rock,97.0,165.0,60.0,58.0,22,420
Natu,2,Psychic,40.0,50.0,45.0,70.0,22,420
Swalot,3,Poison,100.0,73.0,83.0,55.0,22,420
Dusclops,3,Ghost,40.0,70.0,130.0,25.0,22,420
Mankey,1,Fighting,40.0,80.0,35.0,70.0,21,428
Chinchou,2,Water,75.0,38.0,38.0,67.0,21,428
Bronzong,4,Steel,67.0,89.0,116.0,33.0,21,428
Togetic,2,Fairy,55.0,40.0,85.0,40.0,21,428
Marshtomp,3,Water,70.0,85.0,70.0,50.0,21,428
Fearow,1,Normal,65.0,90.0,65.0,100.0,21,428
Slurpuff,6,Fairy,82.0,80.0,86.0,72.0,21,428
Staryu,1,Water,30.0,45.0,55.0,85.0,21,428
Crustle,5,Bug,70.0,105.0,125.0,45.0,21,428
Numel,3,Fire,60.0,60.0,40.0,35.0,21,428
Cacturne,3,Grass,70.0,115.0,60.0,55.0,21,428
Kyurem,5,Dragon,125.0,130.0,90.0,95.0,21,428
Snubbull,2,Fairy,60.0,80.0,50.0,30.0,21,428
Croconaw,2,Water,65.0,80.0,80.0,58.0,21,428
Xerneas,6,Fairy,126.0,131.0,95.0,99.0,21,428
Stantler,2,Normal,73.0,95.0,62.0,85.0,21,428
Xurkitree,7,Electric,83.0,89.0,71.0,83.0,21,428
Grumpig,3,Psychic,80.0,45.0,65.0,80.0,21,428
Seviper,3,Poison,73.0,100.0,60.0,65.0,21,428
Inkay,6,Dark,53.0,54.0,53.0,45.0,21,428
Chesnaught,6,Grass,88.0,107.0,122.0,64.0,20,448
Rhyperior,4,Ground,115.0,140.0,130.0,40.0,20,448
Leavanny,5,Bug,75.0,103.0,80.0,92.0,20,448
Beheeyem,5,Psychic,75.0,75.0,75.0,40.0,20,448
Carracosta,5,Water,74.0,108.0,133.0,32.0,20,448
Medicham,3,Fighting,60.0,60.0,75.0,80.0,20,448
Kabuto,1,Rock,30.0,80.0,90.0,55.0,20,448
Weedle,1,Bug,40.0,35.0,30.0,50.0,20,448
Rockruff,7,Rock,45.0,65.0,40.0,60.0,20,448
Pancham,6,Fighting,67.0,82.0,62.0,43.0,20,448
Rhyhorn,1,Ground,80.0,85.0,95.0,25.0,20,448
Beldum,3,Steel,40.0,55.0,80.0,30.0,20,448
Victreebel,1,Grass,80.0,105.0,65.0,70.0,19,460
Lairon,3,Steel,60.0,90.0,140.0,40.0,19,460
Shellder,1,Water,30.0,65.0,100.0,40.0,19,460
Arbok,1,Poison,60.0,95.0,69.0,80.0,19,460
Larvesta,5,Bug,55.0,85.0,55.0,60.0,19,460
Buzzwole,7,Bug,107.0,139.0,139.0,79.0,19,460
Lickilicky,4,Normal,110.0,85.0,95.0,50.0,19,460
Tangrowth,4,Grass,100.0,100.0,125.0,50.0,19,460
Roselia,3,Grass,50.0,60.0,45.0,65.0,19,460
Aurorus,6,Rock,123.0,77.0,72.0,58.0,19,460
Claydol,3,Ground,60.0,70.0,105.0,75.0,19,460
Pyroar,6,Fire,86.0,68.0,72.0,106.0,19,460
Raticate,1,Normal,55.0,81.0,60.0,97.0,19,460
Venomoth,1,Bug,70.0,65.0,60.0,90.0,19,460
Bastiodon,4,Rock,60.0,52.0,168.0,30.0,19,460
Wingull,3,Water,40.0,30.0,30.0,85.0,18,475
Drowzee,1,Psychic,60.0,48.0,45.0,42.0,18,475
Metapod,1,Bug,50.0,20.0,55.0,30.0,18,475
Unown,2,Psychic,48.0,72.0,48.0,48.0,18,475
Kirlia,3,Psychic,38.0,35.0,35.0,50.0,18,475
Luxio,4,Electric,60.0,85.0,49.0,60.0,18,475
Wailmer,3,Water,130.0,70.0,35.0,60.0,18,475
Zeraora,7,Electric,88.0,112.0,75.0,143.0,17,483
Druddigon,5,Dragon,77.0,120.0,90.0,48.0,17,483
Gigalith,5,Rock,85.0,135.0,130.0,25.0,17,483
Bagon,3,Dragon,45.0,75.0,60.0,50.0,17,483
Hitmontop,2,Fighting,50.0,95.0,95.0,70.0,17,483
Axew,5,Dragon,46.0,87.0,60.0,57.0,17,483
Gulpin,3,Poison,70.0,43.0,53.0,40.0,16,489
Moltres,1,Fire,90.0,100.0,90.0,90.0,16,489
Registeel,3,Steel,80.0,75.0,150.0,50.0,16,489
Accelgor,5,Bug,80.0,70.0,40.0,145.0,16,489
Gothitelle,5,Psychic,70.0,55.0,95.0,65.0,16,489
Diancie,6,Rock,50.0,100.0,150.0,50.0,16,489
Probopass,4,Rock,60.0,55.0,145.0,40.0,16,489
Vibrava,3,Ground,50.0,70.0,50.0,70.0,16,489
Sandile,5,Ground,50.0,72.0,35.0,65.0,16,489
Buneary,4,Normal,55.0,66.0,44.0,85.0,16,489
Corphish,3,Water,43.0,80.0,65.0,35.0,16,489
Cryogonal,5,Ice,80.0,50.0,50.0,105.0,16,489
Guzzlord,7,Dark,223.0,101.0,53.0,43.0,15,501
Conkeldurr,5,Fighting,105.0,140.0,95.0,45.0,15,501
Drampa,7,Normal,78.0,60.0,85.0,36.0,15,501
Omanyte,1,Rock,35.0,40.0,100.0,35.0,15,501
Blissey,2,Normal,255.0,10.0,10.0,55.0,15,501
Skuntank,4,Poison,103.0,93.0,67.0,84.0,15,501
Shellos,4,Water,76.0,48.0,48.0,34.0,15,501
Skiddo,6,Grass,66.0,65.0,48.0,52.0,14,508
Combee,4,Bug,30.0,30.0,42.0,70.0,14,508
Seedot,3,Grass,40.0,40.0,50.0,30.0,14,508
Mudsdale,7,Ground,100.0,125.0,100.0,35.0,14,508
Graveler,1,Rock,55.0,95.0,115.0,35.0,14,508
Dodrio,1,Normal,60.0,110.0,70.0,110.0,14,508
Starly,4,Normal,40.0,55.0,30.0,60.0,14,508
Sunkern,2,Grass,30.0,30.0,30.0,30.0,14,508
Hoppip,2,Grass,35.0,35.0,40.0,50.0,14,508
Grimer,1,Poison,80.0,80.0,50.0,25.0,14,508
Kricketune,4,Bug,77.0,85.0,51.0,65.0,14,508
Komala,7,Normal,65.0,115.0,65.0,65.0,13,521
Omastar,1,Rock,70.0,60.0,125.0,55.0,13,521
Mareanie,7,Poison,50.0,53.0,62.0,45.0,13,521
Piloswine,2,Ice,100.0,100.0,80.0,50.0,13,521
Stakataka,7,Rock,61.0,131.0,211.0,13.0,13,521
Slugma,2,Fire,40.0,40.0,40.0,20.0,13,521
Ariados,2,Bug,70.0,90.0,70.0,40.0,13,521
Noibat,6,Flying,40.0,30.0,35.0,55.0,13,521
Deino,5,Dark,52.0,65.0,50.0,38.0,13,521
Vanillite,5,Ice,36.0,50.0,50.0,44.0,13,521
Electrode,1,Electric,60.0,50.0,70.0,150.0,13,521
Mandibuzz,5,Dark,110.0,65.0,105.0,80.0,13,521
Clawitzer,6,Water,71.0,73.0,88.0,59.0,13,521
Durant,5,Bug,58.0,109.0,112.0,109.0,13,521
Melmetal,7,Steel,135.0,143.0,143.0,34.0,13,521
Azelf,4,Psychic,75.0,125.0,70.0,115.0,13,521
Kakuna,1,Bug,45.0,25.0,50.0,35.0,13,521
Hariyama,3,Fighting,144.0,120.0,60.0,50.0,13,521
Golbat,1,Poison,75.0,80.0,70.0,90.0,12,539
Lampent,5,Ghost,60.0,40.0,60.0,55.0,12,539
Sunflora,2,Grass,75.0,75.0,55.0,30.0,12,539
Furfrou,6,Normal,75.0,80.0,60.0,102.0,12,539
Sentret,2,Normal,35.0,46.0,34.0,20.0,12,539
Voltorb,1,Electric,40.0,30.0,50.0,100.0,12,539
Weepinbell,1,Grass,65.0,90.0,50.0,55.0,12,539
Solgaleo,7,Psychic,137.0,137.0,107.0,97.0,12,539
Elgyem,5,Psychic,55.0,55.0,55.0,30.0,12,539
Lumineon,4,Water,69.0,69.0,76.0,91.0,12,539
Carnivine,4,Grass,74.0,100.0,72.0,46.0,12,539
Hippowdon,4,Ground,108.0,112.0,118.0,47.0,12,539
Barbaracle,6,Rock,72.0,105.0,115.0,68.0,12,539
Vikavolt,7,Bug,77.0,70.0,90.0,43.0,12,539
Wurmple,3,Bug,45.0,45.0,35.0,20.0,12,539
Swoobat,5,Psychic,67.0,57.0,55.0,114.0,12,539
Shuppet,3,Ghost,44.0,75.0,35.0,45.0,12,539
Spinarak,2,Bug,40.0,60.0,40.0,30.0,11,556
Stufful,7,Normal,70.0,75.0,50.0,50.0,11,556
Helioptile,6,Electric,44.0,38.0,33.0,70.0,11,556
Grotle,4,Grass,75.0,89.0,85.0,36.0,11,556
Seadra,1,Water,55.0,65.0,95.0,85.0,11,556
Swadloon,5,Bug,55.0,63.0,90.0,42.0,11,556
Lunala,7,Psychic,137.0,113.0,89.0,97.0,11,556
Froakie,6,Water,41.0,56.0,40.0,71.0,11,556
Carbink,6,Rock,50.0,50.0,150.0,50.0,11,556
Prinplup,4,Water,64.0,66.0,68.0,50.0,11,556
Vivillon,6,Bug,80.0,52.0,50.0,89.0,11,556
Kartana,7,Grass,59.0,181.0,131.0,109.0,11,556
Nihilego,7,Rock,109.0,53.0,47.0,103.0,11,556
Tyrunt,6,Rock,58.0,89.0,77.0,48.0,11,556
Regice,3,Ice,80.0,50.0,100.0,50.0,11,556
Nosepass,3,Rock,30.0,45.0,135.0,30.0,10,573
Bruxish,7,Water,68.0,105.0,70.0,92.0,10,573
Avalugg,6,Ice,95.0,117.0,184.0,28.0,10,573
Azurill,3,Normal,50.0,20.0,40.0,20.0,10,573
Pheromosa,7,Bug,71.0,137.0,37.0,151.0,10,573
Beartic,5,Ice,95.0,130.0,80.0,50.0,10,573
Ducklett,5,Water,62.0,44.0,50.0,55.0,10,573
Shiinotic,7,Grass,60.0,45.0,80.0,30.0,10,573
Krokorok,5,Ground,60.0,82.0,45.0,74.0,10,573
Woobat,5,Psychic,65.0,45.0,43.0,72.0,10,573
Mantyke,4,Water,45.0,20.0,50.0,50.0,10,573
Toucannon,7,Normal,80.0,120.0,75.0,60.0,10,573
Snover,4,Grass,60.0,62.0,50.0,40.0,10,573
Purugly,4,Normal,71.0,82.0,64.0,112.0,10,573
Liepard,5,Dark,64.0,88.0,50.0,106.0,10,573
Doublade,6,Steel,59.0,110.0,150.0,35.0,10,573
Cosmog,7,Psychic,43.0,29.0,31.0,37.0,10,573
Torracat,7,Fire,65.0,85.0,50.0,90.0,10,573
Archen,5,Rock,55.0,112.0,45.0,70.0,10,573
Darumaka,5,Fire,70.0,90.0,45.0,50.0,10,573
Cresselia,4,Psychic,120.0,70.0,120.0,85.0,9,595
Aromatisse,6,Fairy,101.0,72.0,72.0,29.0,9,595
Swirlix,6,Fairy,62.0,48.0,66.0,49.0,9,595
Volbeat,3,Bug,65.0,73.0,75.0,85.0,9,595
Luvdisc,3,Water,43.0,30.0,55.0,97.0,9,595
Tentacool,1,Water,40.0,40.0,35.0,70.0,9,595
Palossand,7,Ghost,85.0,75.0,110.0,35.0,9,595
Gabite,4,Dragon,68.0,90.0,65.0,82.0,9,595
Vigoroth,3,Normal,80.0,80.0,80.0,90.0,9,595
Togedemaru,7,Electric,65.0,98.0,63.0,96.0,9,595
Fletchinder,6,Fire,62.0,73.0,55.0,84.0,9,595
Throh,5,Fighting,120.0,100.0,85.0,45.0,9,595
Kricketot,4,Bug,37.0,25.0,41.0,25.0,9,595
Poipole,7,Poison,67.0,73.0,67.0,73.0,9,595
Ekans,1,Poison,35.0,60.0,44.0,55.0,9,595
Cranidos,4,Rock,67.0,125.0,40.0,58.0,9,595
Horsea,1,Water,30.0,40.0,70.0,60.0,9,595
Charjabug,7,Bug,57.0,82.0,95.0,36.0,9,595
Naganadel,7,Poison,73.0,73.0,73.0,121.0,9,595
Simisear,5,Fire,75.0,98.0,63.0,101.0,8,615
Clamperl,3,Water,35.0,64.0,85.0,32.0,8,615
Seaking,1,Water,80.0,92.0,65.0,68.0,8,615
Bibarel,4,Normal,79.0,85.0,60.0,71.0,8,615
Electrike,3,Electric,40.0,45.0,40.0,65.0,8,615
Golett,5,Ground,59.0,74.0,50.0,35.0,8,615
Granbull,2,Fairy,90.0,120.0,75.0,45.0,8,615
Taillow,3,Normal,40.0,55.0,30.0,85.0,8,615
Finneon,4,Water,49.0,49.0,56.0,66.0,8,615
Metang,3,Steel,60.0,75.0,100.0,50.0,8,615
Anorith,3,Rock,45.0,95.0,50.0,75.0,8,615
Cubchoo,5,Ice,55.0,70.0,40.0,40.0,8,615
Celesteela,7,Steel,97.0,101.0,103.0,61.0,8,615
Solosis,5,Psychic,45.0,30.0,40.0,20.0,8,615
Seismitoad,5,Water,105.0,95.0,75.0,74.0,8,615
Cherubi,4,Grass,45.0,35.0,45.0,35.0,8,615
Amaura,6,Rock,77.0,59.0,50.0,46.0,8,615
Blacephalon,7,Fire,53.0,127.0,53.0,107.0,8,615
Lunatone,3,Rock,90.0,55.0,65.0,70.0,8,615
Salandit,7,Poison,48.0,44.0,40.0,77.0,8,615
Hoothoot,2,Normal,60.0,30.0,30.0,50.0,8,615
Sawk,5,Fighting,75.0,125.0,75.0,85.0,7,637
Bonsly,4,Rock,50.0,80.0,95.0,10.0,7,637
Magearna,7,Steel,80.0,95.0,115.0,65.0,7,637
Passimian,7,Fighting,100.0,120.0,90.0,80.0,7,637
Cobalion,5,Steel,91.0,90.0,129.0,108.0,7,637
Petilil,5,Grass,45.0,35.0,50.0,30.0,7,637
Wynaut,3,Psychic,95.0,23.0,48.0,23.0,7,637
Budew,4,Grass,40.0,30.0,35.0,55.0,7,637
Mothim,4,Bug,70.0,94.0,50.0,66.0,7,637
Sliggoo,6,Dragon,68.0,75.0,53.0,60.0,7,637
Pignite,5,Fire,90.0,93.0,55.0,55.0,7,637
Bergmite,6,Ice,55.0,69.0,85.0,28.0,7,637
Heatran,4,Fire,91.0,90.0,106.0,77.0,7,637
Herdier,5,Normal,65.0,80.0,65.0,60.0,7,637
Staravia,4,Normal,55.0,75.0,50.0,80.0,7,637
Pineco,2,Bug,50.0,65.0,90.0,15.0,7,637
Burmy,4,Bug,40.0,29.0,45.0,36.0,7,637
Gorebyss,3,Water,55.0,84.0,105.0,52.0,7,637
Dwebble,5,Bug,50.0,65.0,85.0,55.0,7,637
Musharna,5,Psychic,116.0,55.0,85.0,29.0,7,637
Pidove,5,Normal,50.0,55.0,50.0,43.0,7,637
Doduo,1,Normal,35.0,85.0,45.0,75.0,7,637
Brionne,7,Water,60.0,69.0,69.0,50.0,6,660
Bronzor,4,Steel,57.0,24.0,86.0,23.0,6,660
Nidorina,1,Poison,70.0,62.0,67.0,56.0,6,660
Regirock,3,Rock,80.0,100.0,200.0,50.0,6,660
Shieldon,4,Rock,30.0,42.0,118.0,30.0,6,660
Spewpa,6,Bug,45.0,22.0,60.0,29.0,6,660
Stunky,4,Poison,63.0,63.0,47.0,74.0,6,660
Chingling,4,Psychic,45.0,30.0,50.0,45.0,6,660
Heatmor,5,Fire,85.0,97.0,66.0,65.0,6,660
Servine,5,Grass,60.0,60.0,75.0,83.0,6,660
Pawniard,5,Dark,45.0,85.0,70.0,60.0,6,660
Pansage,5,Grass,50.0,53.0,48.0,64.0,6,660
Turtonator,7,Fire,60.0,78.0,135.0,36.0,6,660
Solrock,3,Rock,90.0,95.0,85.0,70.0,6,660
Feebas,3,Water,20.0,15.0,20.0,80.0,6,660
Lombre,3,Water,60.0,50.0,50.0,50.0,6,660
Nuzleaf,3,Grass,70.0,70.0,40.0,60.0,6,660
Fraxure,5,Dragon,66.0,117.0,70.0,67.0,6,660
Vanillish,5,Ice,51.0,65.0,65.0,59.0,6,660
Tympole,5,Water,50.0,50.0,40.0,64.0,6,660
Cleffa,2,Fairy,50.0,25.0,28.0,15.0,6,660
Fletchling,6,Normal,45.0,50.0,43.0,62.0,6,660
Hippopotas,4,Ground,68.0,72.0,78.0,32.0,6,660
Oranguru,7,Normal,90.0,60.0,80.0,60.0,6,660
Boldore,5,Rock,70.0,105.0,105.0,20.0,6,660
Tynamo,5,Electric,35.0,55.0,40.0,60.0,6,660
Combusken,3,Fire,60.0,85.0,60.0,55.0,6,660
Deerling,5,Normal,60.0,60.0,50.0,75.0,5,687
Smoochum,2,Ice,45.0,30.0,15.0,65.0,5,687
Tyrogue,2,Fighting,35.0,35.0,35.0,35.0,5,687
Foongus,5,Grass,69.0,55.0,45.0,15.0,5,687
Simisage,5,Grass,75.0,98.0,63.0,101.0,5,687
Gothorita,5,Psychic,60.0,45.0,70.0,55.0,5,687
Magby,2,Fire,45.0,75.0,37.0,83.0,5,687
Volcanion,6,Fire,80.0,110.0,120.0,70.0,5,687
Morelull,7,Grass,40.0,35.0,55.0,15.0,5,687
Unfezant,5,Normal,80.0,115.0,80.0,93.0,5,687
Whirlipede,5,Bug,40.0,55.0,99.0,47.0,5,687
Grubbin,7,Bug,47.0,62.0,45.0,46.0,5,687
Crabrawler,7,Fighting,47.0,82.0,57.0,63.0,5,687
Mudbray,7,Ground,70.0,100.0,70.0,45.0,5,687
Illumise,3,Bug,65.0,47.0,75.0,85.0,5,687
Swanna,5,Water,75.0,87.0,63.0,98.0,5,687
Klink,5,Steel,40.0,55.0,70.0,30.0,5,687
Drilbur,5,Ground,60.0,85.0,40.0,68.0,5,687
Igglybuff,2,Normal,90.0,30.0,15.0,15.0,5,687
Dustox,3,Bug,60.0,50.0,70.0,65.0,5,687
Florges,6,Fairy,78.0,65.0,68.0,75.0,5,687
Sandygast,7,Ghost,55.0,55.0,80.0,15.0,5,687
Ledyba,2,Bug,40.0,20.0,30.0,55.0,5,687
Rufflet,5,Normal,70.0,83.0,50.0,60.0,5,687
Whismur,3,Normal,64.0,51.0,23.0,28.0,5,687
Happiny,4,Normal,100.0,5.0,5.0,30.0,5,687
Floette,6,Fairy,54.0,45.0,47.0,52.0,5,687
Loudred,3,Normal,84.0,71.0,43.0,48.0,5,687
Skrelp,6,Poison,50.0,60.0,60.0,30.0,5,687
Mesprit,4,Psychic,80.0,105.0,105.0,80.0,5,687
Shelgon,3,Dragon,65.0,95.0,100.0,50.0,5,687
Comfey,7,Fairy,51.0,52.0,90.0,100.0,5,687
Bouffalant,5,Normal,95.0,110.0,95.0,55.0,5,687
Blitzle,5,Electric,45.0,60.0,32.0,76.0,4,722
Litleo,6,Fire,62.0,50.0,58.0,72.0,4,722
Palpitoad,5,Water,75.0,65.0,55.0,69.0,4,722
Gumshoos,7,Normal,88.0,110.0,60.0,45.0,4,722
Roggenrola,5,Rock,55.0,75.0,85.0,15.0,4,722
Lileep,3,Rock,66.0,41.0,77.0,23.0,4,722
Virizion,5,Grass,91.0,90.0,72.0,108.0,4,722
Yamask,5,Ghost,38.0,30.0,85.0,30.0,4,722
Munna,5,Psychic,76.0,25.0,45.0,24.0,4,722
Amoonguss,5,Grass,114.0,85.0,70.0,30.0,4,722
Makuhita,3,Fighting,72.0,60.0,30.0,25.0,4,722
Watchog,5,Normal,60.0,85.0,69.0,77.0,4,722
Lillipup,5,Normal,45.0,60.0,45.0,55.0,4,722
Tranquill,5,Normal,62.0,77.0,62.0,65.0,4,722
Tirtouga,5,Water,54.0,78.0,103.0,22.0,4,722
Zweilous,5,Dark,72.0,85.0,70.0,58.0,4,722
Klang,5,Steel,60.0,80.0,95.0,50.0,4,722
Simipour,5,Water,75.0,98.0,63.0,101.0,4,722
Diggersby,6,Normal,85.0,56.0,77.0,78.0,4,722
Steenee,7,Grass,52.0,40.0,48.0,62.0,3,746
Bounsweet,7,Grass,42.0,30.0,38.0,32.0,3,746
Fomantis,7,Grass,40.0,55.0,35.0,35.0,3,746
Wimpod,7,Bug,25.0,35.0,40.0,80.0,3,746
Sealeo,3,Ice,90.0,60.0,70.0,45.0,3,746
Carvanha,3,Water,45.0,90.0,20.0,65.0,3,746
Nincada,3,Bug,31.0,45.0,90.0,40.0,3,746
Mienfoo,5,Fighting,45.0,85.0,50.0,65.0,3,746
Ferroseed,5,Grass,44.0,50.0,91.0,10.0,3,746
Vullaby,5,Dark,70.0,55.0,75.0,60.0,3,746
Terrakion,5,Rock,91.0,129.0,90.0,108.0,3,746
Quilladin,6,Grass,61.0,78.0,95.0,57.0,3,746
Frogadier,6,Water,54.0,63.0,52.0,97.0,3,746
Glameow,4,Normal,49.0,55.0,42.0,85.0,3,746
Uxie,4,Psychic,75.0,75.0,130.0,95.0,3,746
Skiploom,2,Grass,55.0,45.0,50.0,80.0,3,746
Spritzee,6,Fairy,78.0,52.0,60.0,23.0,3,746
Pikipek,7,Normal,35.0,75.0,30.0,65.0,3,746
Gurdurr,5,Fighting,85.0,105.0,85.0,40.0,3,746
Timburr,5,Fighting,75.0,80.0,55.0,35.0,3,746
Remoraid,2,Water,35.0,65.0,35.0,65.0,3,746
Purrloin,5,Dark,41.0,50.0,37.0,66.0,3,746
Meltan,7,Steel,46.0,65.0,65.0,34.0,3,746
Duosion,5,Psychic,65.0,40.0,50.0,30.0,2,770
Pansear,5,Fire,50.0,53.0,48.0,64.0,2,770
Panpour,5,Water,50.0,53.0,48.0,64.0,2,770
Cottonee,5,Grass,40.0,27.0,60.0,66.0,2,770
Karrablast,5,Bug,50.0,75.0,45.0,60.0,2,770
Frillish,5,Water,55.0,40.0,50.0,40.0,2,770
Venipede,5,Bug,30.0,45.0,59.0,57.0,2,770
Pupitar,2,Rock,70.0,84.0,70.0,51.0,2,770
Phione,4,Water,80.0,80.0,80.0,80.0,2,770
Shelmet,5,Bug,50.0,40.0,85.0,25.0,2,770
Crabominable,7,Fighting,97.0,132.0,77.0,43.0,2,770
Barboach,3,Water,50.0,48.0,43.0,60.0,2,770
Meditite,3,Fighting,30.0,40.0,55.0,60.0,2,770
Dartrix,7,Grass,78.0,75.0,75.0,52.0,2,770
Goldeen,1,Water,45.0,67.0,60.0,63.0,2,770
Clauncher,6,Water,50.0,53.0,62.0,44.0,2,770
Huntail,3,Water,55.0,104.0,105.0,52.0,2,770
Binacle,6,Rock,42.0,52.0,67.0,50.0,2,770
Scatterbug,6,Bug,38.0,35.0,40.0,35.0,2,770
Spearow,1,Normal,40.0,60.0,30.0,70.0,2,770
Cascoon,3,Bug,50.0,35.0,55.0,15.0,2,770
Beautifly,3,Bug,60.0,70.0,50.0,65.0,2,770
Bunnelby,6,Normal,38.0,36.0,38.0,57.0,2,770
Dewpider,7,Water,38.0,40.0,52.0,27.0,2,770
Patrat,5,Normal,45.0,55.0,39.0,42.0,1,798
Baltoy,3,Ground,40.0,40.0,55.0,55.0,1,798
Alomomola,5,Water,165.0,75.0,80.0,65.0,1,798
Cosmoem,7,Psychic,43.0,29.0,131.0,37.0,1,798
Skorupi,4,Poison,40.0,50.0,90.0,65.0,1,798
Exeggcute,1,Grass,60.0,40.0,80.0,40.0,1,798
Sewaddle,5,Bug,45.0,53.0,70.0,42.0,1,798
Trumbeak,7,Normal,55.0,85.0,50.0,75.0,1,798
Yungoos,7,Normal,48.0,70.0,30.0,45.0,0,806
Silcoon,3,Bug,50.0,35.0,55.0,15.0,0,806
Eelektrik,5,Electric,65.0,85.0,70.0,40.0,0,806
Gothita,5,Psychic,45.0,30.0,50.0,45.0,0,806
