Results in full,,,,,,,Select a Pokémon here to see how many votes it got,,,,,,Top ,,,,Number of pokemon by number of votes,,,,By type,Psychic,,By Gen,5
Bulbasaur,710,Grass Poison,1,Bulbasaur,,,Fletchling,6,,,Unloved Pokémon (0 votes),,Pokemon,Number of votes,Rank,,Pokemon,Votes,%,,Pokemon,Votes,,Pokemon,Votes
Ivysaur,83,Grass Poison,1,Bulbasaur,,,,,,,Silcoon,,Charizard,1107,1,,4,0,0.49%,,Gardevoir,585,,Volcarona,290
Venusaur,127,Grass Poison,1,Bulbasaur,,,,,,,Gothita,,Gengar,1056,2,,8,1,0.99%,,Metagross,395,,Chandelure,222
Charmander,374,Fire,1,Charmander,,,Number of valid votes:,52725,,,Eelektrik,,Arcanine,923,3,,28,2,3.46%,,Espeon,384,,Hydreigon,166
Charmeleon,70,Fire,1,Charmander,,,Average per pokémon,65,,,Yungoos,,Bulbasaur,710,4,,24,3,2.97%,,Alakazam,376,,Zoroark,159
Charizard,1107,Fire Flying Dragon,1,Charmander,,,,,,,,,Blaziken,613,5,,24,4,2.97%,,Raichu,301,,Whimsicott,139
Squirtle,523,Water,1,Squirtle,,,Number of votes by gen,Gen,Average per gen,,,,Umbreon,607,6,,35,5,4.33%,,Mewtwo,298,,Galvantula,117
Wartortle,133,Water,1,Squirtle,,,18289,1,121.1,,,,Lucario,604,7,,27,6,3.34%,,Mew,269,,Haxorus,115
Blastoise,410,Water,1,Squirtle,,,9115,2,91.2,,,,Gardevoir,585,8,,23,7,2.84%,,Lugia,260,,Reuniclus,112
Caterpie,28,Bug,1,Caterpie,,,9469,3,70.1,,,,Eevee,581,9,,22,8,2.72%,,Gallade,239,,Serperior,106
Metapod,18,Bug,1,Caterpie,,,7531,4,70.4,,,,Dragonite,551,10,,20,9,2.47%,,Jirachi,123,,Krookodile,95
Butterfree,58,Bug Flying,1,Caterpie,,,4391,5,28.1,,,,Absol,542,11,,22,10,2.72%,,Slowpoke,118,,Lilligant,94
Weedle,20,Bug Poison,1,Weedle,,,2154,6,29.9,,,,Typhlosion,534,12,,17,11,2.10%,,Reuniclus,112,,Bisharp,93
Kakuna,13,Bug Poison,1,Weedle,,,1776,7,20.2,,,,Ampharos,529,13,,17,12,2.10%,,Abra,111,,Victini,91
Beedrill,83,Bug Poison,1,Weedle,,,,,,,,,Squirtle,523,14,,18,13,2.22%,,Starmie,111,,Golurk,87
Pidgey,42,Normal Flying,1,Pidgey,,By family,,,,,,,Flygon,510,15,,13,14,1.61%,,Latias,97,,Oshawott,83
Pidgeotto,32,Normal Flying,1,Pidgey,,Generation,Family,No. Votes,In Galar,,,,Ninetales,471,16,,7,15,0.87%,,Victini,91,,Zorua,82
Pidgeot,96,Normal Flying,1,Pidgey,,1,Eevee,2865,yes,,,,Tyranitar,451,17,,12,16,1.48%,,Kadabra,82,,Scolipede,80
Rattata,27,Normal Dark Normal,1,Rattata,,1,Charmander,1551,yes,147,,274,Infernape,443,18,,6,17,0.74%,,Ralts,82,,Scrafty,80
Raticate,19,Normal Dark Normal,1,Rattata,,1,Gastly,1384,yes,,,0.349168646,Snorlax,433,19,,8,18,0.99%,,Slowbro,79,,Joltik,79
Spearow,2,Normal Flying,1,Spearow,,1,Growlithe,1199,yes,,,,Torterra,430,20,,15,19,1.85%,,Wobbuffet,79,,Samurott,68
Fearow,21,Normal Flying,1,Spearow,,2,Cyndaquil,1092,no,,,,Luxray,429,21,,12,20,1.48%,,Celebi,78,,Snivy,62
Ekans,9,Poison,1,Ekans,,1,Squirtle,1066,no,,,,Scizor,424,22,,20,21,2.47%,,Deoxys,75,,Litwick,60
Arbok,19,Poison,1,Ekans,,3,Ralts,924,yes,,,,Blastoise,410,23,,8,22,0.99%,,Mr-Mime,70,,Maractus,57
Pikachu,293,Electric,1,Pichu,,1,Bulbasaur,920,no,,,,Mudkip,404,24,,18,23,2.22%,,Latios,68,,Dewott,51
Raichu,301,Electric Electric Psychic,1,Pichu,,1,Scyther,818,no,,,,Garchomp,404,24,,5,24,0.62%,,Espurr,57,,Trubbish,51
Sandshrew,200,Ground Ice Steel,1,Sandshrew,,3,Mudkip,806,no,,,,Metagross,395,26,,7,25,0.87%,,Exeggutor,50,,Eelektross,49
Sandslash,167,Ground Ice Steel,1,Sandshrew,,1,Dratini,800,no,,,,Scyther,394,27,,7,26,0.87%,,Xatu,50,,Archeops,46
Nidoran-F,7,Poison,1,Nidoran-F,,1,Vulpix,773,yes,,,,Espeon,384,28,,13,27,1.61%,,Slowking,46,,Emolga,46
Nidorina,6,Poison,1,Nidoran-F,,3,Torchic,724,no,,,,Swampert,381,29,,9,28,1.11%,,Meowstic,45,,Scraggy,44
Nidoqueen,23,Poison Ground,1,Nidoran-F,,2,Mareep,690,no,,,,Cyndaquil,377,30,,8,29,0.99%,,Sigilyph,44,,Sigilyph,44
Nidoran-M,18,Poison,1,Nidoran-M,,4,Riolu,668,yes,,,,Alakazam,376,31,,9,30,1.11%,,Delphox,41,,Excadrill,41
Nidorino,23,Poison,1,Nidoran-M,,4,Turtwig,659,no,,,,Charmander,374,32,,8,31,0.99%,,Jynx,38,,Cinccino,40
Nidoking,265,Poison Ground,1,Nidoran-M,,1,Pichu,653,yes,,,,Empoleon,346,33,,11,32,1.36%,,Meloetta,36,,Ferrothorn,39
Clefairy,44,Fairy,1,Cleffa,,2,Totodile,608,no,,,,Sceptile,337,34,,8,33,0.99%,,Girafarig,34,,Zekrom,39
Clefable,39,Fairy,1,Cleffa,,3,Treecko,600,no,,,,Jolteon,335,35,,10,34,1.24%,,Spoink,33,,Emboar,38
Vulpix,302,Fire Ice,1,Vulpix,,4,Shinx,571,no,,,,Cubone,321,36,,6,35,0.74%,,Malamar,33,,Reshiram,38
Ninetales,471,Fire Ice Fairy,1,Vulpix,,1,Abra,569,no,,,,Rayquaza,316,37,,3,36,0.37%,,Darmanitan,32,,Cofagrigus,37
Jigglypuff,162,Normal Fairy,1,Igglybuff,,3,Trapinch,548,yes,,,,Aggron,313,38,,6,37,0.74%,,Hypno,31,,Meloetta,36
Wigglytuff,34,Normal Fairy,1,Igglybuff,,4,Piplup,547,no,,,,Vulpix,302,39,,6,38,0.74%,,Chimecho,25,,Audino,34
Zubat,37,Poison Flying,1,Zubat,,3,Absol,542,no,,,,Raichu,301,40,,5,39,0.62%,,Necrozma,23,,Braviary,33
Golbat,12,Poison Flying,1,Zubat,,4,Chimchar,540,no,,,,Haunter,301,40,,3,40,0.37%,,Natu,22,,Darmanitan,32
Oddish,127,Grass Poison,1,Oddish,,2,Larvitar,503,yes,,,,Totodile,300,42,,4,41,0.49%,,Grumpig,21,,Sawsbuck,32
Gloom,32,Grass Poison,1,Oddish,,1,Munchlax,483,yes,,,,Mewtwo,298,43,,8,42,0.99%,,Bronzong,21,,Klinklang,32
Vileplume,67,Grass Poison,1,Oddish,,4,Gible,448,no,,,,Pikachu,293,44,,2,43,0.25%,,Inkay,21,,Tepig,31
Paras,22,Bug Grass,1,Paras,,3,Aron,428,no,,,,Volcarona,290,45,,5,44,0.62%,,Medicham,20,,Garbodor,30
Parasect,32,Bug Grass,1,Paras,,3,Beldum,423,no,,,,Feraligatr,287,46,,3,45,0.37%,,Beldum,20,,Vanilluxe,29
Venonat,27,Bug Poison,1,Venonat,,1,Cubone,404,no,,,,Mimikyu,284,47,,6,46,0.74%,,Beheeyem,20,,Mienshao,29
Venomoth,19,Bug Poison,1,Venonat,,1,Magikarp,384,yes,,,,Sylveon,282,48,,3,47,0.37%,,Claydol,19,,Genesect,28
Diglett,47,Ground Ground Steel,1,Diglett,,1,Sandshrew,367,no,,,,Psyduck,281,49,,1,48,0.12%,,Drowzee,18,,Stoutland,27
Dugtrio,26,Ground Ground Steel,1,Diglett,,1,Psyduck,341,no,,,,Heracross,279,50,,4,49,0.49%,,Unown,18,,Stunfisk,27
Meowth,50,Normal Dark,1,Meowth,,3,Rayquaza,316,no,,,,Growlithe,276,51,,6,50,0.74%,,Kirlia,18,,Escavalier,25
Persian,33,Normal Dark,1,Meowth,,1,Porygon,314,no,,,,Vaporeon,275,52,,5,51,0.62%,,Gothitelle,16,,Zebstrika,23
Psyduck,281,Water,1,Psyduck,,5,Larvesta,309,no,,,,Mew,269,53,,1,52,0.12%,,Azelf,13,,Minccino,23
Golduck,60,Water,1,Psyduck,,1,Nidoran-M,306,no,,,,Nidoking,265,54,,2,53,0.25%,,Swoobat,12,,Jellicent,23
Mankey,21,Fighting,1,Mankey,,1,Mewtwo,298,no,,,,Gyarados,265,54,,3,54,0.37%,,Elgyem,12,,Crustle,21
Primeape,59,Fighting,1,Mankey,,5,Litwick,294,yes,,,,Lugia,260,56,,3,55,0.37%,,Solgaleo,12,,Kyurem,21
Growlithe,276,Fire,1,Growlithe,,2,Sneasel,288,yes,,,,Mawile,247,57,,4,56,0.49%,,Lunala,11,,Leavanny,20
Arcanine,923,Fire,1,Growlithe,,7,Mimikyu,284,yes,,,,Gallade,239,58,,2,57,0.25%,,Woobat,10,,Carracosta,20
Poliwag,30,Water,1,Poliwag,,1,Zubat,280,no,,,,Sableye,237,59,,2,58,0.25%,,Bruxish,10,,Beheeyem,20
Poliwhirl,96,Water,1,Poliwag,,2,Heracross,279,no,,,,Lapras,233,60,,2,59,0.25%,,Cosmog,10,,Larvesta,19
Poliwrath,56,Water Fighting,1,Poliwag,,1,Mew,269,no,,,,Crobat,231,61,,3,60,0.37%,,Mime-Jr,9,,Gigalith,17
Abra,111,Psychic,1,Abra,,2,Lugia,260,no,,,,Breloom,228,62,,3,61,0.37%,,Cresselia,9,,Axew,17
Kadabra,82,Psychic,1,Abra,,2,Togepi,256,yes,,,,Milotic,224,63,,4,62,0.49%,,Lunatone,8,,Druddigon,17
Alakazam,376,Psychic,1,Abra,,1,Poliwag,255,no,,,,Chandelure,222,64,,1,63,0.12%,,Metang,8,,Sandile,16
Machop,23,Fighting,1,Machop,,3,Shroomish,255,no,,,,Salamence,220,65,,2,64,0.25%,,Solosis,8,,Gothitelle,16
Machoke,23,Fighting,1,Machop,,1,Oddish,254,yes,,,,Greninja,219,66,,1,65,0.12%,,Hoopa,8,,Cryogonal,16
Machamp,104,Fighting,1,Machop,,3,Mawile,247,yes,,,,Turtwig,218,67,,2,66,0.25%,,Wynaut,7,,Accelgor,16
Bellsprout,27,Grass Poison,1,Bellsprout,,1,Slowpoke,243,no,,,,Dunsparce,209,68,,1,67,0.12%,,Musharna,7,,Conkeldurr,15
Weepinbell,12,Grass Poison,1,Bellsprout,,3,Bagon,242,no,,,,Sandshrew,200,69,,2,68,0.25%,,Solrock,6,,Keldeo,14
Victreebel,19,Grass Poison,1,Bellsprout,,5,Zorua,241,no,,,,Piplup,190,70,,3,69,0.37%,,Chingling,6,,Vanillite,13
Tentacool,9,Water Poison,1,Tentacool,,2,Chikorita,239,no,,,,Weavile,185,71,,3,70,0.37%,,Bronzor,6,,Mandibuzz,13
Tentacruel,30,Water Poison,1,Tentacool,,3,Sableye,237,yes,,,,Darkrai,185,71,,3,71,0.37%,,Oranguru,6,,Durant,13
Geodude,38,Rock Ground Rock Electric,1,Geodude,,6,Froakie,233,no,,,,Ditto,184,73,,2,72,0.25%,,Smoochum,5,,Deino,13
Graveler,14,Rock Ground Rock Electric,1,Geodude,,1,Lapras,233,yes,,,,Quilava,181,74,,3,73,0.37%,,Mesprit,5,,Swoobat,12
Golem,45,Rock Ground Rock Electric,1,Geodude,,2,Wooper,232,yes,,,,Glaceon,180,75,,2,74,0.25%,,Gothorita,5,,Elgyem,12
Ponyta,51,Fire,1,Ponyta,,3,Feebas,230,yes,,,,Houndoom,177,76,,2,75,0.25%,,Munna,4,,Lampent,12
Rapidash,77,Fire,1,Ponyta,,2,Dunsparce,209,no,,,,Shuckle,176,77,,0,76,0.00%,,Tapu-Lele,4,,Swadloon,11
Slowpoke,118,Water Psychic,1,Slowpoke,,6,Honedge,206,yes,,,,Aegislash,168,78,,2,77,0.25%,,Uxie,3,,Liepard,10
Slowbro,79,Water Psychic,1,Slowpoke,,2,Houndour,206,no,,,,Sandslash,167,79,,1,78,0.12%,,Meditite,2,,Woobat,10
Magnemite,61,Electric Steel,1,Magnemite,,3,Snorunt,204,yes,,,,Hydreigon,166,80,,4,79,0.49%,,Duosion,2,,Krokorok,10
Magneton,54,Electric Steel,1,Magnemite,,5,Oshawott,202,no,,,,Togekiss,164,81,,5,80,0.62%,,Exeggcute,1,,Darumaka,10
Farfetchd,118,Normal Flying,1,Farfetchd,,1,Igglybuff,201,no,,,,Jigglypuff,162,82,,2,81,0.25%,,Baltoy,1,,Archen,10
Doduo,7,Normal Flying,1,Doduo,,7,Rowlet,198,no,,,,Zoroark,159,83,,4,82,0.49%,,Cosmoem,1,,Ducklett,10
Dodrio,14,Normal Flying,1,Doduo,,5,Joltik,196,yes,,,,Dragonair,157,84,,5,83,0.62%,,Gothita,0,,Beartic,10
Seel,27,Water,1,Seel,,3,Lotad,187,yes,,,,Giratina,157,84,,0,84,0.00%,,,,,Throh,9
Dewgong,49,Water Ice,1,Seel,,4,Darkrai,185,no,,,,Porygon-Z,148,86,,1,85,0.12%,,,,,Simisear,8
Grimer,14,Poison Poison Dark,1,Grimer,,1,Ditto,184,yes,,,,Ludicolo,147,87,,4,86,0.49%,,,,,Seismitoad,8
Muk,86,Poison Poison Dark,1,Grimer,,5,Deino,183,yes,,,,Froslass,143,88,,1,87,0.12%,,,,,Solosis,8
Shellder,19,Water,1,Shellder,,1,Elekid,178,no,,,,Staraptor,142,89,,0,88,0.00%,,,,,Cubchoo,8
Cloyster,56,Water Ice,1,Shellder,,2,Shuckle,176,yes,,,,Suicune,140,90,,1,89,0.12%,,,,,Golett,8
Gastly,27,Ghost Poison,1,Gastly,,5,Snivy,174,no,,,,Whimsicott,139,91,,1,90,0.12%,,,,,Pignite,7
Haunter,301,Ghost Poison,1,Gastly,,1,Magnemite,170,no,,,,Articuno,136,92,,2,91,0.25%,,,,,Herdier,7
Gengar,1056,Ghost Poison,1,Gastly,,1,Pidgey,170,no,,,,Altaria,136,92,,1,92,0.12%,,,,,Musharna,7
Onix,46,Rock Ground,1,Onix,,4,Starly,163,no,,,,Skarmory,135,94,,1,93,0.12%,,,,,Pidove,7
Drowzee,18,Psychic,1,Drowzee,,2,Gligar,162,no,,,,Treecko,134,95,,2,94,0.25%,,,,,Sawk,7
Hypno,31,Psychic,1,Drowzee,,3,Swablu,161,no,,,,Wartortle,133,96,,2,95,0.25%,,,,,Petilil,7
Krabby,42,Water,1,Krabby,,2,Misdreavus,160,no,,,,Furret,132,97,,3,96,0.37%,,,,,Dwebble,7
Kingler,62,Water,1,Krabby,,2,Murkrow,160,no,,,,Gliscor,132,97,,2,97,0.25%,,,,,Cobalion,7
Voltorb,12,Electric,1,Voltorb,,4,Giratina,157,no,,,,Grovyle,129,99,,1,98,0.12%,,,,,Servine,6
Electrode,13,Electric,1,Voltorb,,1,Machop,150,yes,,,,Venusaur,127,100,,1,99,0.12%,,,,,Pansage,6
Exeggcute,1,Grass Psychic,1,Exeggcute,,2,Phanpy,149,no,,,,Oddish,127,100,,0,100,0.00%,,,,,Boldore,6
Exeggutor,50,Grass Psychic Grass Dragon,1,Exeggcute,,2,Azurill,147,no,,,,Leafeon,127,100,,0,101,0.00%,,,,,Tympole,6
Cubone,321,Ground,1,Cubone,,3,Nincada,146,yes,,,,Shinx,124,103,,0,102,0.00%,,,,,Vanillish,6
Marowak,83,Ground Fire Ghost,1,Cubone,,6,Goomy,145,yes,,,,Quagsire,123,104,,1,103,0.12%,,,,,Tynamo,6
Hitmonlee,45,Fighting,1,Tyrogue,,2,Sentret,144,no,,,,Jirachi,123,104,,1,104,0.12%,,,,,Fraxure,6
Hitmonchan,52,Fighting,1,Tyrogue,,5,Cottonee,141,yes,,,,Zapdos,121,106,,1,105,0.12%,,,,,Pawniard,6
Lickitung,55,Normal,1,Lickitung,,1,Onix,141,yes,,,,Magikarp,119,107,,2,106,0.25%,,,,,Heatmor,6
Koffing,62,Poison,1,Koffing,,2,Suicune,140,no,,,,Slowpoke,118,108,,1,107,0.12%,,,,,Simisage,5
Weezing,50,Poison,1,Koffing,,5,Axew,138,yes,,,,Farfetchd,118,108,,0,108,0.00%,,,,,Unfezant,5
Rhyhorn,20,Ground Rock,1,Rhyhorn,,1,Kabuto,138,no,,,,Kabutops,118,108,,1,109,0.12%,,,,,Drilbur,5
Rhydon,43,Ground Rock,1,Rhyhorn,,1,Articuno,136,no,,,,Mareep,118,108,,0,110,0.00%,,,,,Whirlipede,5
Chansey,53,Normal,1,Happiny,,2,Skarmory,135,no,,,,Tropius,118,108,,2,111,0.25%,,,,,Basculin,5
Tangela,47,Grass,1,Tangela,,4,Buizel,132,no,,,,Galvantula,117,113,,2,112,0.25%,,,,,Gothorita,5
Kangaskhan,37,Normal,1,Kangaskhan,,1,Staryu,132,no,,,,Shedinja,116,114,,1,113,0.12%,,,,,Swanna,5
Horsea,9,Water,1,Horsea,,4,Croagunk,130,yes,,,,Noivern,116,114,,0,114,0.00%,,,,,Deerling,5
Seadra,11,Water,1,Horsea,,6,Noibat,129,yes,,,,Haxorus,115,116,,1,115,0.12%,,,,,Foongus,5
Goldeen,2,Water,1,Goldeen,,1,Ponyta,128,no,,,,Electivire,113,117,,0,116,0.00%,,,,,Klink,5
Seaking,8,Water,1,Goldeen,,5,Scraggy,124,yes,,,,Shaymin,112,118,,0,117,0.00%,,,,,Bouffalant,5
Staryu,21,Water,1,Staryu,,3,Jirachi,123,no,,,,Reuniclus,112,118,,0,118,0.00%,,,,,Rufflet,5
Starmie,111,Water Psychic,1,Staryu,,5,Solosis,122,yes,,,,Abra,111,120,,0,119,0.00%,,,,,Watchog,4
Mr-Mime,70,Psychic Fairy,1,Mime-Jr,,5,Sandile,121,no,,,,Starmie,111,120,,0,120,0.00%,,,,,Lillipup,4
Scyther,394,Bug Flying,1,Scyther,,2,Swinub,121,yes,,,,Wooper,109,122,,0,121,0.00%,,,,,Simipour,4
Jynx,38,Ice Psychic,1,Smoochum,,1,Zapdos,121,no,,,,Decidueye,107,123,,0,122,0.00%,,,,,Munna,4
Electabuzz,42,Electric,1,Elekid,,3,Spheal,119,no,,,,Azumarill,106,124,,0,123,0.00%,,,,,Tranquill,4
Magmar,42,Fire,1,Magby,,1,Tyrogue,119,yes,,,,Serperior,106,124,,0,124,0.00%,,,,,Blitzle,4
Pinsir,32,Bug Flying,1,Pinsir,,1,Farfetchd,118,no,,,,Torchic,105,126,,0,125,0.00%,,,,,Roggenrola,4
Tauros,54,Normal,1,Tauros,,3,Tropius,118,no,,,,Machamp,104,127,,0,126,0.00%,,,,,Palpitoad,4
Magikarp,119,Water,1,Magikarp,,1,Weedle,116,no,,,,Sneasel,103,128,,0,127,0.00%,,,,,Yamask,4
Gyarados,265,Water Flying Dark,1,Magikarp,,3,Budew,112,yes,,,,Zangoose,99,129,,0,128,0.00%,,,,,Tirtouga,4
Lapras,233,Water Ice,1,Lapras,,1,Koffing,112,yes,,,,Chikorita,98,130,,0,129,0.00%,,,,,Amoonguss,4
Ditto,184,Normal,1,Ditto,,4,Shaymin,112,no,,,,Porygon,97,131,,0,130,0.00%,,,,,Klang,4
Eevee,581,Normal,1,Eevee,,7,Rockruff,111,no,,,,Latias,97,131,,0,131,0.00%,,,,,Zweilous,4
Vaporeon,275,Water,1,Eevee,,6,Fennekin,110,no,,,,Pidgeot,96,133,,0,132,0.00%,,,,,Virizion,4
Jolteon,335,Electric,1,Eevee,,3,Duskull,108,yes,,,,Poliwhirl,96,133,,0,133,0.00%,,,,,Thundurus,4
Flareon,94,Fire,1,Eevee,,4,Drifloon,105,yes,,,,Aron,96,133,,0,134,0.00%,,,,,Purrloin,3
Porygon,97,Normal,1,Porygon,,1,Caterpie,104,yes,,,,Steelix,95,136,,0,135,0.00%,,,,,Timburr,3
Omanyte,15,Rock Water,1,Omanyte,,1,Krabby,104,yes,,,,Krookodile,95,136,,0,136,0.00%,,,,,Gurdurr,3
Omastar,13,Rock Water,1,Omanyte,,3,Skitty,104,no,,,,Flareon,94,138,,0,137,0.00%,,,,,Ferroseed,3
Kabuto,20,Rock Water,1,Kabuto,,3,Wailmer,104,yes,,,,Lilligant,94,138,,0,138,0.00%,,,,,Mienfoo,3
Kabutops,118,Rock Water,1,Kabuto,,6,Espurr,102,yes,,,,Bisharp,93,140,,0,139,0.00%,,,,,Vullaby,3
Aerodactyl,51,Rock Flying,1,Aerodactyl,,5,Petilil,101,no,,,,Dratini,92,141,,0,140,0.00%,,,,,Terrakion,3
Snorlax,433,Normal,1,Munchlax,,3,Slakoth,101,no,,,,Victini,91,142,,0,141,0.00%,,,,,Pansear,2
Articuno,136,Ice Flying,1,Articuno,,1,Grimer,100,no,,,,Lycanroc,91,142,,0,142,0.00%,,,,,Panpour,2
Zapdos,121,Electric Flying,1,Zapdos,,7,Litten,99,no,,,,Buizel,90,144,,0,143,0.00%,,,,,Venipede,2
Moltres,16,Fire Flying,1,Moltres,,5,Pawniard,99,yes,,,,Rowlet,89,145,,0,144,0.00%,,,,,Cottonee,2
Dratini,92,Dragon,1,Dratini,,3,Zangoose,99,no,,,,Golurk,87,146,,0,145,0.00%,,,,,Duosion,2
Dragonair,157,Dragon,1,Dratini,,2,Aipom,97,no,,,,Muk,86,147,,0,146,0.00%,,,,,Karrablast,2
Dragonite,551,Dragon Flying,1,Dratini,,4,Buneary,97,no,,,,Murkrow,86,147,,0,147,0.00%,,,,,Frillish,2
Mewtwo,298,Psychic Fighting,1,Mewtwo,,1,Geodude,97,no,,,,Wailord,86,147,,0,148,0.00%,,,,,Shelmet,2
Mew,269,Psychic,1,Mew,,3,Latias,97,no,,,,Roserade,86,147,,0,149,0.00%,,,,,Tornadus,2
Chikorita,98,Grass,2,Chikorita,,5,Golett,95,yes,,,,Goodra,85,151,,0,150,0.00%,,,,,Landorus,2
Bayleef,66,Grass,2,Chikorita,,1,Horsea,92,no,,,,Ivysaur,83,152,,0,151,0.00%,,,,,Patrat,1
Meganium,75,Grass,2,Chikorita,,3,Shuppet,92,no,,,,Beedrill,83,152,,0,152,0.00%,,,,,Sewaddle,1
Cyndaquil,377,Fire,2,Cyndaquil,,5,Victini,91,no,,,,Marowak,83,152,,0,153,0.00%,,,,,Alomomola,1
Quilava,181,Fire,2,Cyndaquil,,4,Bidoof,89,no,,,,Spheal,83,152,,0,154,0.00%,,,,,Gothita,0
Typhlosion,534,Fire,2,Cyndaquil,,1,Cleffa,89,yes,,,,Oshawott,83,152,,0,155,0.00%,,,,,Eelektrik,0
Totodile,300,Water,2,Totodile,,3,Poochyena,89,no,,,,Kadabra,82,157,,0,156,0.00%,,,,,,
Croconaw,21,Water,2,Totodile,,5,Venipede,87,no,,,,Ralts,82,157,,0,157,0.00%,,,,,,
Feraligatr,287,Water,2,Totodile,,3,Zigzagoon,87,yes,,,,Toxicroak,82,157,,0,158,0.00%,,,,,,
Sentret,12,Normal,2,Sentret,,2,Wynaut,86,yes,,,,Zorua,82,157,,0,159,0.00%,,,,,,
Furret,132,Normal,2,Sentret,,2,Chinchou,84,yes,,,,Bidoof,81,161,,0,160,0.00%,,,,,,
Hoothoot,8,Normal Flying,2,Hoothoot,,6,Tyrunt,84,no,,,,Lopunny,81,161,,0,161,0.00%,,,,,,
Noctowl,32,Normal Flying,2,Hoothoot,,1,Meowth,83,yes,,,,Misdreavus,80,163,,0,162,0.00%,,,,,,
Ledyba,5,Bug Flying,2,Ledyba,,7,Popplio,83,no,,,,Banette,80,163,,0,163,0.00%,,,,,,
Ledian,30,Bug Flying,2,Ledyba,,1,Rhyhorn,83,yes,,,,Mismagius,80,163,,0,164,0.00%,,,,,,
Spinarak,11,Bug Poison,2,Spinarak,,7,Wimpod,82,yes,,,,Scolipede,80,163,,0,165,0.00%,,,,,,
Ariados,13,Bug Poison,2,Spinarak,,5,Trubbish,81,yes,,,,Scrafty,80,163,,0,166,0.00%,,,,,,
Crobat,231,Poison Flying,2,Zubat,,1,Mankey,80,no,,,,Slowbro,79,168,,0,167,0.00%,,,,,,
Chinchou,21,Water Electric,2,Chinchou,,1,Mime-Jr,79,no,,,,Wobbuffet,79,168,,0,168,0.00%,,,,,,
Lanturn,63,Water Electric,2,Chinchou,,2,Celebi,78,no,,,,Joltik,79,168,,0,169,0.00%,,,,,,
Pichu,59,Electric,2,Pichu,,1,Seel,76,no,,,,Golisopod,79,168,,0,170,0.00%,,,,,,
Cleffa,6,Fairy,2,Cleffa,,5,Tepig,76,no,,,,Celebi,78,172,,0,171,0.00%,,,,,,
Igglybuff,5,Normal Fairy,2,Igglybuff,,3,Deoxys,75,no,,,,Rapidash,77,173,,0,172,0.00%,,,,,,
Togepi,71,Fairy,2,Togepi,,1,Shellder,75,yes,,,,Phanpy,77,173,,0,173,0.00%,,,,,,
Togetic,21,Fairy Flying,2,Togepi,,1,Lickitung,74,no,,,,Meganium,75,175,,0,174,0.00%,,,,,,
Natu,22,Psychic Flying,2,Natu,,2,Teddiursa,74,no,,,,Deoxys,75,175,,0,175,0.00%,,,,,,
Xatu,50,Psychic Flying,2,Natu,,4,Dialga,73,no,,,,Skitty,74,177,,0,176,0.00%,,,,,,
Mareep,118,Electric,2,Mareep,,1,Diglett,73,yes,,,,Honchkrow,74,177,,0,177,0.00%,,,,,,
Flaaffy,43,Electric,2,Mareep,,1,Happiny,73,no,,,,Politoed,73,179,,0,178,0.00%,,,,,,
Ampharos,529,Electric Dragon,2,Mareep,,1,Magby,73,no,,,,Dialga,73,179,,0,179,0.00%,,,,,,
Bellossom,28,Grass,2,Oddish,,2,Natu,72,yes,,,,Tyrantrum,73,179,,0,180,0.00%,,,,,,
Marill,31,Water Fairy,2,Azurill,,3,Kyogre,71,no,,,,Kingdra,72,182,,0,181,0.00%,,,,,,
Azumarill,106,Water Fairy,2,Azurill,,3,Electrike,70,yes,,,,Donphan,72,182,,0,182,0.00%,,,,,,
Sudowoodo,60,Rock,2,Bonsly,,3,Latios,68,no,,,,Togepi,71,184,,0,183,0.00%,,,,,,
Politoed,73,Water,2,Poliwag,,2,Bonsly,67,yes,,,,Kyogre,71,184,,0,184,0.00%,,,,,,
Hoppip,14,Grass Flying,2,Hoppip,,1,Tangela,66,no,,,,Drifloon,71,184,,0,185,0.00%,,,,,,
Skiploom,3,Grass Flying,2,Hoppip,,4,Rotom,65,yes,,,,Charmeleon,70,187,,0,186,0.00%,,,,,,
Jumpluff,35,Grass Flying,2,Hoppip,,7,Cutiefly,64,yes,,,,Mr-Mime,70,187,,0,187,0.00%,,,,,,
Aipom,66,Normal,2,Aipom,,6,Hawlucha,64,yes,,,,Chimchar,70,187,,0,188,0.00%,,,,,,
Sunkern,14,Grass,2,Sunkern,,5,Minccino,63,yes,,,,Porygon2,69,190,,0,189,0.00%,,,,,,
Sunflora,12,Grass,2,Sunkern,,3,Numel,63,no,,,,Slaking,69,190,,0,190,0.00%,,,,,,
Yanma,22,Bug Flying,2,Yanma,,4,Shellos,62,yes,,,,Mamoswine,69,190,,0,191,0.00%,,,,,,
Wooper,109,Water Ground,2,Wooper,,3,Groudon,61,no,,,,Latios,68,193,,0,192,0.00%,,,,,,
Quagsire,123,Water Ground,2,Wooper,,2,Yanma,61,no,,,,Samurott,68,193,,0,193,0.00%,,,,,,
Espeon,384,Psychic,2,Eevee,,1,Bellsprout,58,no,,,,Vileplume,67,195,,0,194,0.00%,,,,,,
Umbreon,607,Dark,2,Eevee,,6,Pumpkaboo,58,yes,,,,Bayleef,66,196,,0,195,0.00%,,,,,,
Murkrow,86,Dark Flying,2,Murkrow,,5,Maractus,57,yes,,,,Aipom,66,196,,0,196,0.00%,,,,,,
Slowking,46,Water Psychic,2,Slowpoke,,6,Phantump,57,yes,,,,Rotom,65,198,,0,197,0.00%,,,,,,
Misdreavus,80,Ghost,2,Misdreavus,,5,Archen,56,no,,,,Riolu,64,199,,0,198,0.00%,,,,,,
Unown,18,Psychic,2,Unown,,2,Entei,56,no,,,,Hawlucha,64,199,,0,199,0.00%,,,,,,
Wobbuffet,79,Psychic,2,Wynaut,,2,Smeargle,55,no,,,,Lanturn,63,201,,0,200,0.00%,,,,,,
Girafarig,34,Normal Psychic,2,Girafarig,,5,Tynamo,55,no,,,,Kingler,62,202,,0,201,0.00%,,,,,,
Pineco,7,Bug,2,Pineco,,6,Inkay,54,yes,,,,Koffing,62,202,,0,202,0.00%,,,,,,
Forretress,30,Bug Steel,2,Pineco,,2,Miltank,54,no,,,,Manectric,62,202,,0,203,0.00%,,,,,,
Dunsparce,209,Normal,2,Dunsparce,,1,Paras,54,no,,,,Snivy,62,202,,0,204,0.00%,,,,,,
Gligar,30,Ground Flying,2,Gligar,,3,Spoink,54,no,,,,Magnemite,61,206,,0,205,0.00%,,,,,,
Steelix,95,Steel Ground,2,Onix,,1,Tauros,54,no,,,,Mightyena,61,206,,0,206,0.00%,,,,,,
Snubbull,21,Fairy,2,Snubbull,,6,Chespin,52,no,,,,Groudon,61,206,,0,207,0.00%,,,,,,
Granbull,8,Fairy,2,Snubbull,,2,Hoppip,52,no,,,,Golduck,60,209,,0,208,0.00%,,,,,,
Qwilfish,23,Water Poison,2,Qwilfish,,1,Aerodactyl,51,no,,,,Sudowoodo,60,209,,0,209,0.00%,,,,,,
Scizor,424,Bug Steel,2,Scyther,,1,Exeggcute,51,no,,,,Litwick,60,209,,0,210,0.00%,,,,,,
Shuckle,176,Bug Rock,2,Shuckle,,6,Skiddo,51,no,,,,Primeape,59,212,,0,211,0.00%,,,,,,
Heracross,279,Bug Fighting,2,Heracross,,3,Lileep,50,no,,,,Pichu,59,212,,0,212,0.00%,,,,,,
Sneasel,103,Dark Ice,2,Sneasel,,1,Drowzee,49,no,,,,Butterfree,58,214,,0,213,0.00%,,,,,,
Teddiursa,40,Normal,2,Teddiursa,,2,Ho-Oh,49,no,,,,Incineroar,58,214,,0,214,0.00%,,,,,,
Ursaring,34,Normal,2,Teddiursa,,7,Pyukumuku,49,yes,,,,Maractus,57,216,,0,215,0.00%,,,,,,
Slugma,13,Fire,2,Slugma,,3,Seedot,49,yes,,,,Espurr,57,216,,0,216,0.00%,,,,,,
Magcargo,23,Fire Rock,2,Slugma,,7,Mareanie,48,yes,,,,Poliwrath,56,218,,0,217,0.00%,,,,,,
Swinub,39,Ice Ground,2,Swinub,,6,Pancham,48,yes,,,,Cloyster,56,218,,0,218,0.00%,,,,,,
Piloswine,13,Ice Ground,2,Swinub,,5,Vanillite,48,yes,,,,Entei,56,218,,0,219,0.00%,,,,,,
Corsola,34,Water Rock,2,Corsola,,3,Wingull,48,yes,,,,Zigzagoon,56,218,,0,220,0.00%,,,,,,
Remoraid,3,Water,2,Remoraid,,7,Stufful,47,yes,,,,Lickitung,55,222,,0,221,0.00%,,,,,,
Octillery,37,Water,2,Remoraid,,3,Corphish,46,yes,,,,Smeargle,55,222,,0,222,0.00%,,,,,,
Delibird,38,Ice Flying,2,Delibird,,5,Drilbur,46,yes,,,,Magnezone,55,222,,0,223,0.00%,,,,,,
Mantine,27,Water Flying,2,Mantyke,,5,Emolga,46,no,,,,Magneton,54,225,,0,224,0.00%,,,,,,
Skarmory,135,Steel Flying,2,Skarmory,,6,Fletchling,46,no,,,,Tauros,54,225,,0,225,0.00%,,,,,,
Houndour,29,Dark Fire,2,Houndour,,1,Rattata,46,no,,,,Miltank,54,225,,0,226,0.00%,,,,,,
Houndoom,177,Dark Fire,2,Houndour,,3,Surskit,46,no,,,,Chansey,53,228,,0,227,0.00%,,,,,,
Kingdra,72,Water Dragon,2,Horsea,,1,Venonat,46,no,,,,Goomy,53,228,,0,228,0.00%,,,,,,
Phanpy,77,Ground,2,Phanpy,,3,Cacnea,44,no,,,,Hitmonchan,52,230,,0,229,0.00%,,,,,,
Donphan,72,Ground,2,Phanpy,,6,Klefki,44,no,,,,Ponyta,51,231,,0,230,0.00%,,,,,,
Porygon2,69,Normal,2,Porygon,,5,Sigilyph,44,yes,,,,Aerodactyl,51,231,,0,231,0.00%,,,,,,
Stantler,21,Normal,2,Stantler,,4,Skorupi,43,yes,,,,Dewott,51,231,,0,232,0.00%,,,,,,
Smeargle,55,Normal,2,Smeargle,,1,Smoochum,43,no,,,,Trubbish,51,231,,0,233,0.00%,,,,,,
Tyrogue,5,Fighting,2,Tyrogue,,5,Darumaka,42,yes,,,,Primarina,51,231,,0,234,0.00%,,,,,,
Hitmontop,17,Fighting,2,Tyrogue,,5,Ferroseed,42,yes,,,,Meowth,50,236,,0,235,0.00%,,,,,,
Smoochum,5,Ice Psychic,2,Smoochum,,7,Type-Null,42,no,,,,Exeggutor,50,236,,0,236,0.00%,,,,,,
Elekid,23,Electric,2,Elekid,,5,Klink,41,yes,,,,Weezing,50,236,,0,237,0.00%,,,,,,
Magby,5,Fire,2,Magby,,2,Raikou,41,no,,,,Xatu,50,236,,0,238,0.00%,,,,,,
Miltank,54,Normal,2,Miltank,,7,Salandit,41,yes,,,,Larvitar,50,236,,0,239,0.00%,,,,,,
Blissey,15,Normal,2,Happiny,,3,Taillow,41,no,,,,Munchlax,50,236,,0,240,0.00%,,,,,,
Raikou,41,Electric,2,Raikou,,5,Yamask,41,yes,,,,Dewgong,49,242,,0,241,0.00%,,,,,,
Entei,56,Fire,2,Entei,,4,Combee,40,yes,,,,Ho-Oh,49,242,,0,242,0.00%,,,,,,
Suicune,140,Water,2,Suicune,,2,Hoothoot,40,yes,,,,Eelektross,49,242,,0,243,0.00%,,,,,,
Larvitar,50,Rock Ground,2,Larvitar,,4,Pachirisu,40,no,,,,Pyukumuku,49,242,,0,244,0.00%,,,,,,
Pupitar,2,Rock Ground,2,Larvitar,,2,Remoraid,40,yes,,,,Croagunk,48,246,,0,245,0.00%,,,,,,
Tyranitar,451,Rock Dark,2,Larvitar,,1,Tentacool,39,no,,,,Diglett,47,247,,0,246,0.00%,,,,,,
Lugia,260,Psychic Flying,2,Lugia,,5,Zekrom,39,no,,,,Tangela,47,247,,0,247,0.00%,,,,,,
Ho-Oh,49,Fire Flying,2,Ho-Oh,,2,Delibird,38,yes,,,,Gastrodon,47,247,,0,248,0.00%,,,,,,
Celebi,78,Psychic Grass,2,Celebi,,3,Gulpin,38,no,,,,Onix,46,250,,0,249,0.00%,,,,,,
Treecko,134,Grass,3,Treecko,,5,Lillipup,38,no,,,,Slowking,46,250,,0,250,0.00%,,,,,,
Grovyle,129,Grass,3,Treecko,,5,Reshiram,38,no,,,,Cradily,46,250,,0,251,0.00%,,,,,,
Sceptile,337,Grass Dragon,3,Treecko,,5,Rufflet,38,yes,,,,Archeops,46,250,,0,252,0.00%,,,,,,
Torchic,105,Fire,3,Torchic,,3,Spinda,38,no,,,,Emolga,46,250,,0,253,0.00%,,,,,,
Combusken,6,Fire Fighting,3,Torchic,,5,Deerling,37,no,,,,Braixen,46,250,,0,254,0.00%,,,,,,
Blaziken,613,Fire Fighting,3,Torchic,,1,Kangaskhan,37,no,,,,Golem,45,256,,0,255,0.00%,,,,,,
Mudkip,404,Water,3,Mudkip,,2,Mantyke,37,yes,,,,Hitmonlee,45,256,,0,256,0.00%,,,,,,
Marshtomp,21,Water Ground,3,Mudkip,,2,Pineco,37,no,,,,Meowstic,45,256,,0,257,0.00%,,,,,,
Swampert,381,Water Ground,3,Mudkip,,3,Torkoal,37,yes,,,,Clefairy,44,259,,0,258,0.00%,,,,,,
Poochyena,28,Dark,3,Poochyena,,3,Carvanha,36,no,,,,Duskull,44,259,,0,259,0.00%,,,,,,
Mightyena,61,Dark,3,Poochyena,,3,Castform,36,no,,,,Scraggy,44,259,,1,260,0.12%,,,,,,
Zigzagoon,56,Normal,3,Zigzagoon,,6,Helioptile,36,yes,,,,Sigilyph,44,259,,0,261,0.00%,,,,,,
Linoone,31,Normal,3,Zigzagoon,,5,Meloetta,36,no,,,,Klefki,44,259,,0,262,0.00%,,,,,,
Wurmple,12,Bug,3,Wurmple,,1,Nidoran-F,36,no,,,,Rhydon,43,264,,0,263,0.00%,,,,,,
Silcoon,0,Bug,3,Wurmple,,2,Slugma,36,no,,,,Flaaffy,43,264,,0,264,0.00%,,,,,,
Beautifly,2,Bug Flying,3,Wurmple,,3,Whismur,36,no,,,,Pidgey,42,266,,2,265,0.25%,,,,,,
Cascoon,2,Bug,3,Wurmple,,4,Arceus,35,no,,,,Krabby,42,266,,0,266,0.00%,,,,,,
Dustox,5,Bug Poison,3,Wurmple,,2,Ledyba,35,no,,,,Electabuzz,42,266,,0,267,0.00%,,,,,,
Lotad,34,Water Grass,3,Lotad,,4,Snover,35,yes,,,,Magmar,42,266,,0,268,0.00%,,,,,,
Lombre,6,Water Grass,3,Lotad,,4,Spiritomb,35,no,,,,Camerupt,42,266,,1,269,0.12%,,,,,,
Ludicolo,147,Water Grass,3,Lotad,,6,Yveltal,35,no,,,,Floatzel,42,266,,0,270,0.00%,,,,,,
Seedot,14,Grass,3,Seedot,,3,Anorith,34,no,,,,Drapion,42,266,,0,271,0.00%,,,,,,
Nuzleaf,6,Grass Dark,3,Seedot,,5,Audino,34,no,,,,Dusknoir,42,266,,0,272,0.00%,,,,,,
Shiftry,29,Grass Dark,3,Seedot,,2,Corsola,34,no,,,,Raikou,41,274,,0,273,0.00%,,,,,,
Taillow,8,Normal Flying,3,Taillow,,7,Cosmog,34,no,,,,Excadrill,41,274,,0,274,0.00%,,,,,,
Swellow,33,Normal Flying,3,Taillow,,2,Girafarig,34,no,,,,Delphox,41,274,,1,275,0.12%,,,,,,
Wingull,18,Water Flying,3,Wingull,,4,Palkia,34,no,,,,Ribombee,41,274,,1,276,0.12%,,,,,,
Pelipper,30,Water Flying,3,Wingull,,5,Elgyem,32,yes,,,,Teddiursa,40,278,,0,277,0.00%,,,,,,
Ralts,82,Psychic Fairy,3,Ralts,,5,Mienfoo,32,no,,,,Pachirisu,40,278,,0,278,0.00%,,,,,,
Kirlia,18,Psychic Fairy,3,Ralts,,7,Minior,32,no,,,,Cinccino,40,278,,1,279,0.12%,,,,,,
Gardevoir,585,Psychic Fairy,3,Ralts,,1,Pinsir,32,no,,,,Clefable,39,281,,0,280,0.00%,,,,,,
Surskit,22,Bug Water,3,Surskit,,3,Relicanth,32,no,,,,Swinub,39,281,,1,281,0.12%,,,,,,
Masquerain,24,Bug Flying,3,Surskit,,5,Sewaddle,32,no,,,,Yanmega,39,281,,1,282,0.12%,,,,,,
Shroomish,27,Grass,3,Shroomish,,7,Bounsweet,31,yes,,,,Ferrothorn,39,281,,0,283,0.00%,,,,,,
Breloom,228,Grass Fighting,3,Shroomish,,4,Chatot,31,no,,,,Zekrom,39,281,,1,284,0.12%,,,,,,
Slakoth,23,Normal,3,Slakoth,,4,Cherubi,31,yes,,,,Geodude,38,286,,0,285,0.00%,,,,,,
Vigoroth,9,Normal,3,Slakoth,,3,Chingling,31,no,,,,Jynx,38,286,,0,286,0.00%,,,,,,
Slaking,69,Normal,3,Slakoth,,4,Cranidos,31,no,,,,Delibird,38,286,,1,287,0.12%,,,,,,
Nincada,3,Bug Ground,3,Nincada,,6,Swirlix,30,yes,,,,Spinda,38,286,,0,288,0.00%,,,,,,
Ninjask,27,Bug Flying,3,Nincada,,7,Fomantis,29,no,,,,Emboar,38,286,,0,289,0.00%,,,,,,
Shedinja,116,Bug Ghost,3,Nincada,,7,Marshadow,29,no,,,,Reshiram,38,286,,1,290,0.12%,,,,,,
Whismur,5,Normal,3,Whismur,,4,Regigigas,29,no,,,,Zubat,37,292,,0,291,0.00%,,,,,,
Loudred,5,Normal,3,Whismur,,6,Skrelp,29,no,,,,Kangaskhan,37,292,,0,292,0.00%,,,,,,
Exploud,26,Normal,3,Whismur,,2,Snubbull,29,no,,,,Octillery,37,292,,1,293,0.12%,,,,,,
Makuhita,4,Fighting,3,Makuhita,,6,Dedenne,28,no,,,,Torkoal,37,292,,0,294,0.00%,,,,,,
Hariyama,13,Fighting,3,Makuhita,,5,Dwebble,28,yes,,,,Cofagrigus,37,292,,0,295,0.00%,,,,,,
Azurill,10,Normal Fairy,3,Azurill,,1,Ekans,28,no,,,,Gogoat,37,292,,0,296,0.00%,,,,,,
Nosepass,10,Rock,3,Nosepass,,5,Genesect,28,no,,,,Castform,36,298,,0,297,0.00%,,,,,,
Skitty,74,Normal,3,Skitty,,3,Kecleon,28,no,,,,Meloetta,36,298,,1,298,0.12%,,,,,,
Delcatty,30,Normal,3,Skitty,,1,Omanyte,28,no,,,,Bewear,36,298,,0,299,0.00%,,,,,,
Sableye,237,Dark Ghost,3,Sableye,,6,Amaura,27,no,,,,Jumpluff,35,301,,1,300,0.12%,,,,,,
Mawile,247,Steel Fairy,3,Mawile,,5,Blitzle,27,no,,,,Spiritomb,35,301,,2,301,0.25%,,,,,,
Aron,96,Steel Rock,3,Aron,,4,Bronzor,27,yes,,,,Gible,35,301,,1,302,0.12%,,,,,,
Lairon,19,Steel Rock,3,Aron,,7,Dewpider,27,yes,,,,Arceus,35,301,,0,303,0.00%,,,,,,
Aggron,313,Steel Rock,3,Aron,,5,Karrablast,27,yes,,,,Yveltal,35,301,,0,304,0.00%,,,,,,
Meditite,2,Fighting Psychic,3,Meditite,,4,Manaphy,27,no,,,,Toxapex,35,301,,0,305,0.00%,,,,,,
Medicham,20,Fighting Psychic,3,Meditite,,5,Roggenrola,27,yes,,,,Wigglytuff,34,307,,0,306,0.00%,,,,,,
Electrike,8,Electric,3,Electrike,,5,Stunfisk,27,yes,,,,Girafarig,34,307,,0,307,0.00%,,,,,,
Manectric,62,Electric,3,Electrike,,7,Grubbin,26,yes,,,,Ursaring,34,307,,0,308,0.00%,,,,,,
Plusle,23,Electric,3,Plusle,,3,Nosepass,26,no,,,,Corsola,34,307,,0,309,0.00%,,,,,,
Minun,24,Electric,3,Minun,,2,Sunkern,26,no,,,,Lotad,34,307,,0,310,0.00%,,,,,,
Volbeat,9,Bug,3,Volbeat,,3,Barboach,25,yes,,,,Glalie,34,307,,0,311,0.00%,,,,,,
Illumise,5,Bug,3,Illumise,,5,Frillish,25,yes,,,,Drifblim,34,307,,0,312,0.00%,,,,,,
Roselia,19,Grass Poison,3,Budew,,4,Shieldon,25,no,,,,Palkia,34,307,,1,313,0.12%,,,,,,
Gulpin,16,Poison,3,Gulpin,,1,Voltorb,25,no,,,,Audino,34,307,,0,314,0.00%,,,,,,
Swalot,22,Poison,3,Gulpin,,7,Dhelmise,24,yes,,,,Pumpkaboo,34,307,,0,315,0.00%,,,,,,
Carvanha,3,Water Dark,3,Carvanha,,3,Minun,24,no,,,,Persian,33,317,,1,316,0.12%,,,,,,
Sharpedo,33,Water Dark,3,Carvanha,,2,Spinarak,24,no,,,,Swellow,33,317,,0,317,0.00%,,,,,,
Wailmer,18,Water,3,Wailmer,,5,Tirtouga,24,no,,,,Sharpedo,33,317,,0,318,0.00%,,,,,,
Wailord,86,Water,3,Wailmer,,4,Kricketot,23,no,,,,Spoink,33,317,,0,319,0.00%,,,,,,
Numel,21,Fire Ground,3,Numel,,6,Litleo,23,no,,,,Walrein,33,317,,0,320,0.00%,,,,,,
Camerupt,42,Fire Ground,3,Numel,,7,Necrozma,23,no,,,,Braviary,33,317,,1,321,0.12%,,,,,,
Torkoal,37,Fire,3,Torkoal,,3,Plusle,23,no,,,,Malamar,33,317,,0,322,0.00%,,,,,,
Spoink,33,Psychic,3,Spoink,,2,Qwilfish,23,yes,,,,Salazzle,33,317,,0,323,0.00%,,,,,,
Grumpig,21,Psychic,3,Spoink,,1,Spearow,23,no,,,,Pidgeotto,32,325,,0,324,0.00%,,,,,,
Spinda,38,Normal,3,Spinda,,3,Meditite,22,no,,,,Gloom,32,325,,0,325,0.00%,,,,,,
Trapinch,22,Ground,3,Trapinch,,5,Woobat,22,yes,,,,Parasect,32,325,,0,326,0.00%,,,,,,
Vibrava,16,Ground Dragon,3,Trapinch,,1,Doduo,21,no,,,,Pinsir,32,325,,0,327,0.00%,,,,,,
Flygon,510,Ground Dragon,3,Trapinch,,5,Gothita,21,yes,,,,Noctowl,32,325,,0,328,0.00%,,,,,,
Cacnea,23,Grass,3,Cacnea,,7,Jangmo-o,21,yes,,,,Relicanth,32,325,,0,329,0.00%,,,,,,
Cacturne,21,Grass Dark,3,Cacnea,,5,Kyurem,21,no,,,,Darmanitan,32,325,,0,330,0.00%,,,,,,
Swablu,25,Normal Flying,3,Swablu,,3,Seviper,21,no,,,,Sawsbuck,32,325,,0,331,0.00%,,,,,,
Altaria,136,Dragon Flying Fairy,3,Swablu,,2,Stantler,21,no,,,,Klinklang,32,325,,0,332,0.00%,,,,,,
Zangoose,99,Normal,3,Zangoose,,4,Stunky,21,yes,,,,Silvally,32,325,,0,333,0.00%,,,,,,
Seviper,21,Poison,3,Seviper,,5,Timburr,21,yes,,,,Minior,32,325,,0,334,0.00%,,,,,,
Lunatone,8,Rock Psychic,3,Lunatone,,3,Wurmple,21,no,,,,Hypno,31,336,,1,335,0.12%,,,,,,
Solrock,6,Rock Psychic,3,Solrock,,6,Xerneas,21,no,,,,Marill,31,336,,0,336,0.00%,,,,,,
Barboach,2,Water Ground,3,Barboach,,7,Xurkitree,21,no,,,,Linoone,31,336,,1,337,0.12%,,,,,,
Whiscash,23,Water Ground,3,Barboach,,3,Baltoy,20,yes,,,,Ambipom,31,336,,0,338,0.00%,,,,,,
Corphish,16,Water,3,Corphish,,4,Finneon,20,no,,,,Chatot,31,336,,0,339,0.00%,,,,,,
Crawdaunt,30,Water Dark,3,Corphish,,7,Buzzwole,19,no,,,,Tepig,31,336,,0,340,0.00%,,,,,,
Baltoy,1,Ground Psychic,3,Baltoy,,7,Mudbray,19,yes,,,,Talonflame,31,336,,0,341,0.00%,,,,,,
Claydol,19,Ground Psychic,3,Baltoy,,6,Scatterbug,19,no,,,,Litten,31,336,,0,342,0.00%,,,,,,
Lileep,4,Rock Grass,3,Lileep,,4,Burmy,18,no,,,,Poliwag,30,344,,0,343,0.00%,,,,,,
Cradily,46,Rock Grass,3,Lileep,,5,Cubchoo,18,yes,,,,Tentacruel,30,344,,0,344,0.00%,,,,,,
Anorith,8,Rock Bug,3,Anorith,,4,Hippopotas,18,yes,,,,Ledian,30,344,,0,345,0.00%,,,,,,
Armaldo,26,Rock Bug,3,Anorith,,7,Poipole,18,no,,,,Forretress,30,344,,1,346,0.12%,,,,,,
Feebas,6,Water,3,Feebas,,5,Shelmet,18,yes,,,,Gligar,30,344,,0,347,0.00%,,,,,,
Milotic,224,Water,3,Feebas,,5,Tympole,18,yes,,,,Pelipper,30,344,,0,348,0.00%,,,,,,
Castform,36,Normal Ice,3,Castform,,2,Unown,18,no,,,,Delcatty,30,344,,0,349,0.00%,,,,,,
Kecleon,28,Normal,3,Kecleon,,6,Bergmite,17,yes,,,,Crawdaunt,30,344,,0,350,0.00%,,,,,,
Shuppet,12,Ghost,3,Shuppet,,3,Clamperl,17,no,,,,Garbodor,30,344,,0,351,0.00%,,,,,,
Banette,80,Ghost,3,Shuppet,,5,Druddigon,17,no,,,,Houndour,29,353,,0,352,0.00%,,,,,,
Duskull,44,Ghost,3,Duskull,,3,Makuhita,17,no,,,,Shiftry,29,353,,0,353,0.00%,,,,,,
Dusclops,22,Ghost,3,Duskull,,7,Zeraora,17,no,,,,Regigigas,29,353,,0,354,0.00%,,,,,,
Tropius,118,Grass Flying,3,Tropius,,5,Cryogonal,16,no,,,,Vanilluxe,29,353,,0,355,0.00%,,,,,,
Chimecho,25,Psychic,3,Chingling,,6,Diancie,16,no,,,,Mienshao,29,353,,0,356,0.00%,,,,,,
Absol,542,Dark,3,Absol,,7,Meltan,16,no,,,,Chespin,29,353,,0,357,0.00%,,,,,,
Wynaut,7,Psychic,3,Wynaut,,1,Moltres,16,no,,,,Trevenant,29,353,,0,358,0.00%,,,,,,
Snorunt,27,Ice,3,Snorunt,,5,Pidove,16,yes,,,,Marshadow,29,353,,0,359,0.00%,,,,,,
Glalie,34,Ice,3,Snorunt,,3,Registeel,16,no,,,,Caterpie,28,361,,0,360,0.00%,,,,,,
Spheal,83,Ice Water,3,Spheal,,5,Vullaby,16,yes,,,,Bellossom,28,361,,0,361,0.00%,,,,,,
Sealeo,3,Ice Water,3,Spheal,,6,Clauncher,15,no,,,,Poochyena,28,361,,0,362,0.00%,,,,,,
Walrein,33,Ice Water,3,Spheal,,7,Drampa,15,yes,,,,Kecleon,28,361,,0,363,0.00%,,,,,,
Clamperl,8,Water,3,Clamperl,,5,Ducklett,15,no,,,,Genesect,28,361,,0,364,0.00%,,,,,,
Huntail,2,Water,3,Clamperl,,7,Guzzlord,15,no,,,,Pangoro,28,361,,0,365,0.00%,,,,,,
Gorebyss,7,Water,3,Clamperl,,7,Morelull,15,yes,,,,Honedge,28,361,,0,366,0.00%,,,,,,
Relicanth,32,Water Rock,3,Relicanth,,6,Binacle,14,yes,,,,Dedenne,28,361,,0,367,0.00%,,,,,,
Luvdisc,9,Water,3,Luvdisc,,6,Flabebe,14,no,,,,Phantump,28,361,,0,368,0.00%,,,,,,
Bagon,17,Dragon,3,Bagon,,5,Keldeo,14,no,,,,Rattata,27,370,,0,369,0.00%,,,,,,
Shelgon,5,Dragon,3,Bagon,,7,Pikipek,14,no,,,,Venonat,27,370,,0,370,0.00%,,,,,,
Salamence,220,Dragon Flying,3,Bagon,,7,Sandygast,14,no,,,,Bellsprout,27,370,,0,371,0.00%,,,,,,
Beldum,20,Steel Psychic,3,Beldum,,4,Azelf,13,no,,,,Seel,27,370,,0,372,0.00%,,,,,,
Metang,8,Steel Psychic,3,Beldum,,5,Durant,13,yes,,,,Gastly,27,370,,0,373,0.00%,,,,,,
Metagross,395,Steel Psychic,3,Beldum,,4,Glameow,13,no,,,,Mantine,27,370,,1,374,0.12%,,,,,,
Regirock,6,Rock,3,Regirock,,7,Komala,13,no,,,,Shroomish,27,370,,0,375,0.00%,,,,,,
Regice,11,Ice,3,Regice,,5,Purrloin,13,yes,,,,Ninjask,27,370,,1,376,0.12%,,,,,,
Registeel,16,Steel,3,Registeel,,7,Stakataka,13,no,,,,Snorunt,27,370,,1,377,0.12%,,,,,,
Latias,97,Dragon Psychic,3,Latias,,4,Carnivine,12,no,,,,Monferno,27,370,,0,378,0.00%,,,,,,
Latios,68,Dragon Psychic,3,Latios,,6,Furfrou,12,no,,,,Manaphy,27,370,,0,379,0.00%,,,,,,
Kyogre,71,Water,3,Kyogre,,6,Spritzee,12,yes,,,,Stoutland,27,370,,0,380,0.00%,,,,,,
Groudon,61,Ground,3,Groudon,,6,Carbink,11,no,,,,Stunfisk,27,370,,1,381,0.12%,,,,,,
Rayquaza,316,Dragon Flying,3,Rayquaza,,7,Kartana,11,no,,,,Dugtrio,26,383,,0,382,0.00%,,,,,,
Jirachi,123,Steel Psychic,3,Jirachi,,5,Munna,11,yes,,,,Exploud,26,383,,0,383,0.00%,,,,,,
Deoxys,75,Psychic Psychic,3,Deoxys,,7,Nihilego,11,no,,,,Armaldo,26,383,,1,384,0.12%,,,,,,
Turtwig,218,Grass,4,Turtwig,,7,Oricorio,11,no,,,,Vespiquen,26,383,,0,385,0.00%,,,,,,
Grotle,11,Grass,4,Turtwig,,5,Pansage,11,no,,,,Magmortar,26,383,,0,386,0.00%,,,,,,
Torterra,430,Grass Ground,4,Turtwig,,3,Regice,11,no,,,,Popplio,26,383,,0,387,0.00%,,,,,,
Chimchar,70,Fire,4,Chimchar,,6,Zygarde,11,no,,,,Lurantis,26,383,,0,388,0.00%,,,,,,
Monferno,27,Fire Fighting,4,Chimchar,,7,Bruxish,10,no,,,,Swablu,25,390,,0,389,0.00%,,,,,,
Infernape,443,Fire Fighting,4,Chimchar,,1,Goldeen,10,yes,,,,Chimecho,25,390,,0,390,0.00%,,,,,,
Piplup,190,Water,4,Piplup,,5,Pansear,10,no,,,,Abomasnow,25,390,,0,391,0.00%,,,,,,
Prinplup,11,Water,4,Piplup,,7,Pheromosa,10,no,,,,Escavalier,25,390,,0,392,0.00%,,,,,,
Empoleon,346,Water Steel,4,Piplup,,7,Tapu-Koko,10,no,,,,Heliolisk,25,390,,0,393,0.00%,,,,,,
Starly,14,Normal Flying,4,Starly,,4,Cresselia,9,no,,,,Araquanid,25,390,,1,394,0.12%,,,,,,
Staravia,7,Normal Flying,4,Starly,,5,Foongus,9,no,,,,Tsareena,25,390,,1,395,0.12%,,,,,,
Staraptor,142,Normal Flying,4,Starly,,3,Luvdisc,9,no,,,,Masquerain,24,397,,0,396,0.00%,,,,,,
Bidoof,81,Normal,4,Bidoof,,5,Throh,9,yes,,,,Minun,24,397,,0,397,0.00%,,,,,,
Bibarel,8,Normal Water,4,Bidoof,,7,Togedemaru,9,yes,,,,Dragalge,24,397,,0,398,0.00%,,,,,,
Kricketot,9,Bug,4,Kricketot,,3,Volbeat,9,no,,,,Gourgeist,24,397,,0,399,0.00%,,,,,,
Kricketune,14,Bug,4,Kricketot,,7,Blacephalon,8,no,,,,Dhelmise,24,397,,0,400,0.00%,,,,,,
Shinx,124,Electric,4,Shinx,,7,Celesteela,8,no,,,,Nidoqueen,23,402,,0,401,0.00%,,,,,,
Luxio,18,Electric,4,Shinx,,6,Hoopa,8,no,,,,Nidorino,23,402,,0,402,0.00%,,,,,,
Luxray,429,Electric,4,Shinx,,3,Lunatone,8,yes,,,,Machop,23,402,,0,403,0.00%,,,,,,
Budew,7,Grass Poison,4,Budew,,5,Cobalion,7,no,,,,Machoke,23,402,,2,404,0.25%,,,,,,
Roserade,86,Grass Poison,4,Budew,,7,Crabrawler,7,no,,,,Qwilfish,23,402,,0,405,0.00%,,,,,,
Cranidos,9,Rock,4,Cranidos,,4,Heatran,7,no,,,,Magcargo,23,402,,0,406,0.00%,,,,,,
Rampardos,22,Rock,4,Cranidos,,7,Magearna,7,no,,,,Elekid,23,402,,0,407,0.00%,,,,,,
Shieldon,6,Rock Steel,4,Shieldon,,7,Passimian,7,yes,,,,Slakoth,23,402,,0,408,0.00%,,,,,,
Bastiodon,19,Rock Steel,4,Shieldon,,5,Sawk,7,yes,,,,Plusle,23,402,,0,409,0.00%,,,,,,
Burmy,7,Bug Bug,4,Burmy,,6,Bunnelby,6,yes,,,,Cacnea,23,402,,1,410,0.12%,,,,,,
Wormadam,4,Bug Grass Bug Steel,4,Burmy,,5,Heatmor,6,yes,,,,Whiscash,23,402,,0,411,0.00%,,,,,,
Mothim,7,Bug Flying,4,Burmy,,7,Oranguru,6,yes,,,,Cherrim,23,402,,0,412,0.00%,,,,,,
Combee,14,Bug Flying,4,Combee,,5,Panpour,6,no,,,,Zebstrika,23,402,,0,413,0.00%,,,,,,
Vespiquen,26,Bug Flying,4,Combee,,3,Regirock,6,no,,,,Minccino,23,402,,0,414,0.00%,,,,,,
Pachirisu,40,Electric,4,Pachirisu,,3,Solrock,6,yes,,,,Jellicent,23,402,,0,415,0.00%,,,,,,
Buizel,90,Water,4,Buizel,,7,Turtonator,6,yes,,,,Fennekin,23,402,,0,416,0.00%,,,,,,
Floatzel,42,Water,4,Buizel,,5,Basculin,5,yes,,,,Cutiefly,23,402,,0,417,0.00%,,,,,,
Cherubi,8,Grass,4,Cherubi,,5,Bouffalant,5,no,,,,Necrozma,23,402,,0,418,0.00%,,,,,,
Cherrim,23,Grass,4,Cherubi,,7,Comfey,5,no,,,,Paras,22,420,,0,419,0.00%,,,,,,
Shellos,15,Water Water,4,Shellos,,3,Illumise,5,no,,,,Natu,22,420,,0,420,0.00%,,,,,,
Gastrodon,47,Water Ground Water Ground,4,Shellos,,4,Mesprit,5,no,,,,Yanma,22,420,,0,421,0.00%,,,,,,
Ambipom,31,Normal,4,Aipom,,5,Patrat,5,no,,,,Surskit,22,420,,0,422,0.00%,,,,,,
Drifloon,71,Ghost Flying,4,Drifloon,,6,Volcanion,5,no,,,,Swalot,22,420,,0,423,0.00%,,,,,,
Drifblim,34,Ghost Flying,4,Drifloon,,7,Wishiwashi,5,yes,,,,Trapinch,22,420,,1,424,0.12%,,,,,,
Buneary,16,Normal,4,Buneary,,7,Tapu-Lele,4,no,,,,Dusclops,22,420,,0,425,0.00%,,,,,,
Lopunny,81,Normal Fighting,4,Buneary,,5,Thundurus,4,no,,,,Rampardos,22,420,,0,426,0.00%,,,,,,
Mismagius,80,Ghost,4,Misdreavus,,5,Virizion,4,no,,,,Fearow,21,428,,0,427,0.00%,,,,,,
Honchkrow,74,Dark Flying,4,Murkrow,,7,Yungoos,4,no,,,,Mankey,21,428,,0,428,0.00%,,,,,,
Glameow,3,Normal,4,Glameow,,5,Terrakion,3,no,,,,Staryu,21,428,,1,429,0.12%,,,,,,
Purugly,10,Normal,4,Glameow,,4,Uxie,3,no,,,,Croconaw,21,428,,1,430,0.12%,,,,,,
Chingling,6,Psychic,4,Chingling,,5,Landorus,2,no,,,,Chinchou,21,428,,0,431,0.00%,,,,,,
Stunky,6,Poison Dark,4,Stunky,,4,Phione,2,no,,,,Togetic,21,428,,0,432,0.00%,,,,,,
Skuntank,15,Poison Dark,4,Stunky,,7,Tapu-Bulu,2,no,,,,Snubbull,21,428,,1,433,0.12%,,,,,,
Bronzor,6,Steel Psychic,4,Bronzor,,7,Tapu-Fini,2,no,,,,Stantler,21,428,,0,434,0.00%,,,,,,
Bronzong,21,Steel Psychic,4,Bronzor,,5,Tornadus,2,no,,,,Marshtomp,21,428,,0,435,0.00%,,,,,,
Bonsly,7,Rock,4,Bonsly,,5,Alomomola,1,no,,,,Numel,21,428,,0,436,0.00%,,,,,,
Mime-Jr,9,Psychic Fairy,4,Mime-Jr,,,,,,,,,Grumpig,21,428,,0,437,0.00%,,,,,,
Happiny,5,Normal,4,Happiny,,,,,,,,,Cacturne,21,428,,0,438,0.00%,,,,,,
Chatot,31,Normal Flying,4,Chatot,,,,,,,,,Seviper,21,428,,0,439,0.00%,,,,,,
Spiritomb,35,Ghost Dark,4,Spiritomb,,,,,,,,,Bronzong,21,428,,0,440,0.00%,,,,,,
Gible,35,Dragon Ground,4,Gible,,,,,,,,,Crustle,21,428,,0,441,0.00%,,,,,,
Gabite,9,Dragon Ground,4,Gible,,,,,,,,,Kyurem,21,428,,0,442,0.00%,,,,,,
Garchomp,404,Dragon Ground,4,Gible,,,,,,,,,Slurpuff,21,428,,1,443,0.12%,,,,,,
Munchlax,50,Normal,4,Munchlax,,,,,,,,,Inkay,21,428,,0,444,0.00%,,,,,,
Riolu,64,Fighting,4,Riolu,,,,,,,,,Xerneas,21,428,,0,445,0.00%,,,,,,
Lucario,604,Fighting Steel,4,Riolu,,,,,,,,,Xurkitree,21,428,,0,446,0.00%,,,,,,
Hippopotas,6,Ground,4,Hippopotas,,,,,,,,,Weedle,20,448,,0,447,0.00%,,,,,,
Hippowdon,12,Ground,4,Hippopotas,,,,,,,,,Rhyhorn,20,448,,0,448,0.00%,,,,,,
Skorupi,1,Poison Bug,4,Skorupi,,,,,,,,,Kabuto,20,448,,0,449,0.00%,,,,,,
Drapion,42,Poison Dark,4,Skorupi,,,,,,,,,Medicham,20,448,,0,450,0.00%,,,,,,
Croagunk,48,Poison Fighting,4,Croagunk,,,,,,,,,Beldum,20,448,,1,451,0.12%,,,,,,
Toxicroak,82,Poison Fighting,4,Croagunk,,,,,,,,,Rhyperior,20,448,,0,452,0.00%,,,,,,
Carnivine,12,Grass,4,Carnivine,,,,,,,,,Leavanny,20,448,,0,453,0.00%,,,,,,
Finneon,8,Water,4,Finneon,,,,,,,,,Carracosta,20,448,,0,454,0.00%,,,,,,
Lumineon,12,Water,4,Finneon,,,,,,,,,Beheeyem,20,448,,0,455,0.00%,,,,,,
Mantyke,10,Water Flying,4,Mantyke,,,,,,,,,Chesnaught,20,448,,0,456,0.00%,,,,,,
Snover,10,Grass Ice,4,Snover,,,,,,,,,Pancham,20,448,,0,457,0.00%,,,,,,
Abomasnow,25,Grass Ice,4,Snover,,,,,,,,,Rockruff,20,448,,0,458,0.00%,,,,,,
Weavile,185,Dark Ice,4,Sneasel,,,,,,,,,Raticate,19,460,,0,459,0.00%,,,,,,
Magnezone,55,Electric Steel,4,Magnemite,,,,,,,,,Arbok,19,460,,0,460,0.00%,,,,,,
Lickilicky,19,Normal,4,Lickitung,,,,,,,,,Venomoth,19,460,,0,461,0.00%,,,,,,
Rhyperior,20,Ground Rock,4,Rhyhorn,,,,,,,,,Victreebel,19,460,,0,462,0.00%,,,,,,
Tangrowth,19,Grass,4,Tangela,,,,,,,,,Shellder,19,460,,0,463,0.00%,,,,,,
Electivire,113,Electric,4,Elekid,,,,,,,,,Lairon,19,460,,0,464,0.00%,,,,,,
Magmortar,26,Fire,4,Magby,,,,,,,,,Roselia,19,460,,0,465,0.00%,,,,,,
Togekiss,164,Fairy Flying,4,Togepi,,,,,,,,,Claydol,19,460,,0,466,0.00%,,,,,,
Yanmega,39,Bug Flying,4,Yanma,,,,,,,,,Bastiodon,19,460,,0,467,0.00%,,,,,,
Leafeon,127,Grass,4,Eevee,,,,,,,,,Lickilicky,19,460,,0,468,0.00%,,,,,,
Glaceon,180,Ice,4,Eevee,,,,,,,,,Tangrowth,19,460,,0,469,0.00%,,,,,,
Gliscor,132,Ground Flying,4,Gligar,,,,,,,,,Larvesta,19,460,,0,470,0.00%,,,,,,
Mamoswine,69,Ice Ground,4,Swinub,,,,,,,,,Pyroar,19,460,,1,471,0.12%,,,,,,
Porygon-Z,148,Normal,4,Porygon,,,,,,,,,Aurorus,19,460,,0,472,0.00%,,,,,,
Gallade,239,Psychic Fighting,4,Ralts,,,,,,,,,Buzzwole,19,460,,0,473,0.00%,,,,,,
Probopass,16,Rock Steel,4,Nosepass,,,,,,,,,Metapod,18,475,,0,474,0.00%,,,,,,
Dusknoir,42,Ghost,4,Duskull,,,,,,,,,Nidoran-M,18,475,,0,475,0.00%,,,,,,
Froslass,143,Ice Ghost,4,Snorunt,,,,,,,,,Drowzee,18,475,,0,476,0.00%,,,,,,
Rotom,65,Electric Ghost Electric Grass,4,Rotom,,,,,,,,,Unown,18,475,,0,477,0.00%,,,,,,
Uxie,3,Psychic,4,Uxie,,,,,,,,,Wingull,18,475,,0,478,0.00%,,,,,,
Mesprit,5,Psychic,4,Mesprit,,,,,,,,,Kirlia,18,475,,0,479,0.00%,,,,,,
Azelf,13,Psychic,4,Azelf,,,,,,,,,Wailmer,18,475,,0,480,0.00%,,,,,,
Dialga,73,Steel Dragon,4,Dialga,,,,,,,,,Luxio,18,475,,0,481,0.00%,,,,,,
Palkia,34,Water Dragon,4,Palkia,,,,,,,,,Hitmontop,17,483,,0,482,0.00%,,,,,,
Heatran,7,Fire Steel,4,Heatran,,,,,,,,,Bagon,17,483,,0,483,0.00%,,,,,,
Regigigas,29,Normal,4,Regigigas,,,,,,,,,Gigalith,17,483,,0,484,0.00%,,,,,,
Giratina,157,Ghost Dragon Ghost Dragon,4,Giratina,,,,,,,,,Axew,17,483,,0,485,0.00%,,,,,,
Cresselia,9,Psychic,4,Cresselia,,,,,,,,,Druddigon,17,483,,0,486,0.00%,,,,,,
Phione,2,Water,4,Phione,,,,,,,,,Zeraora,17,483,,0,487,0.00%,,,,,,
Manaphy,27,Water,4,Manaphy,,,,,,,,,Moltres,16,489,,0,488,0.00%,,,,,,
Darkrai,185,Dark,4,Darkrai,,,,,,,,,Gulpin,16,489,,0,489,0.00%,,,,,,
Shaymin,112,Grass Grass Flying,4,Shaymin,,,,,,,,,Vibrava,16,489,,0,490,0.00%,,,,,,
Arceus,35,Normal,4,Arceus,,,,,,,,,Corphish,16,489,,0,491,0.00%,,,,,,
Victini,91,Psychic Fire,5,Victini,,,,,,,,,Registeel,16,489,,0,492,0.00%,,,,,,
Snivy,62,Grass,5,Snivy,,,,,,,,,Buneary,16,489,,0,493,0.00%,,,,,,
Servine,6,Grass,5,Snivy,,,,,,,,,Probopass,16,489,,0,494,0.00%,,,,,,
Serperior,106,Grass,5,Snivy,,,,,,,,,Sandile,16,489,,0,495,0.00%,,,,,,
Tepig,31,Fire,5,Tepig,,,,,,,,,Gothitelle,16,489,,0,496,0.00%,,,,,,
Pignite,7,Fire Fighting,5,Tepig,,,,,,,,,Cryogonal,16,489,,0,497,0.00%,,,,,,
Emboar,38,Fire Fighting,5,Tepig,,,,,,,,,Accelgor,16,489,,0,498,0.00%,,,,,,
Oshawott,83,Water,5,Oshawott,,,,,,,,,Diancie,16,489,,0,499,0.00%,,,,,,
Dewott,51,Water,5,Oshawott,,,,,,,,,Omanyte,15,501,,0,500,0.00%,,,,,,
Samurott,68,Water,5,Oshawott,,,,,,,,,Blissey,15,501,,0,501,0.00%,,,,,,
Patrat,1,Normal,5,Patrat,,,,,,,,,Shellos,15,501,,0,502,0.00%,,,,,,
Watchog,4,Normal,5,Patrat,,,,,,,,,Skuntank,15,501,,0,503,0.00%,,,,,,
Lillipup,4,Normal,5,Lillipup,,,,,,,,,Conkeldurr,15,501,,0,504,0.00%,,,,,,
Herdier,7,Normal,5,Lillipup,,,,,,,,,Drampa,15,501,,0,505,0.00%,,,,,,
Stoutland,27,Normal,5,Lillipup,,,,,,,,,Guzzlord,15,501,,0,506,0.00%,,,,,,
Purrloin,3,Dark,5,Purrloin,,,,,,,,,Graveler,14,508,,0,507,0.00%,,,,,,
Liepard,10,Dark,5,Purrloin,,,,,,,,,Dodrio,14,508,,0,508,0.00%,,,,,,
Pansage,6,Grass,5,Pansage,,,,,,,,,Grimer,14,508,,0,509,0.00%,,,,,,
Simisage,5,Grass,5,Pansage,,,,,,,,,Hoppip,14,508,,1,510,0.12%,,,,,,
Pansear,2,Fire,5,Pansear,,,,,,,,,Sunkern,14,508,,0,511,0.00%,,,,,,
Simisear,8,Fire,5,Pansear,,,,,,,,,Seedot,14,508,,0,512,0.00%,,,,,,
Panpour,2,Water,5,Panpour,,,,,,,,,Starly,14,508,,0,513,0.00%,,,,,,
Simipour,4,Water,5,Panpour,,,,,,,,,Kricketune,14,508,,0,514,0.00%,,,,,,
Munna,4,Psychic,5,Munna,,,,,,,,,Combee,14,508,,0,515,0.00%,,,,,,
Musharna,7,Psychic,5,Munna,,,,,,,,,Keldeo,14,508,,0,516,0.00%,,,,,,
Pidove,7,Normal Flying,5,Pidove,,,,,,,,,Skiddo,14,508,,0,517,0.00%,,,,,,
Tranquill,4,Normal Flying,5,Pidove,,,,,,,,,Mudsdale,14,508,,0,518,0.00%,,,,,,
Unfezant,5,Normal Flying Normal Flying,5,Pidove,,,,,,,,,Kommo-O,14,508,,0,519,0.00%,,,,,,
Blitzle,4,Electric,5,Blitzle,,,,,,,,,Kakuna,13,521,,0,520,0.00%,,,,,,
Zebstrika,23,Electric,5,Blitzle,,,,,,,,,Electrode,13,521,,0,521,0.00%,,,,,,
Roggenrola,4,Rock,5,Roggenrola,,,,,,,,,Omastar,13,521,,0,522,0.00%,,,,,,
Boldore,6,Rock,5,Roggenrola,,,,,,,,,Ariados,13,521,,1,523,0.12%,,,,,,
Gigalith,17,Rock,5,Roggenrola,,,,,,,,,Slugma,13,521,,0,524,0.00%,,,,,,
Woobat,10,Psychic Flying,5,Woobat,,,,,,,,,Piloswine,13,521,,0,525,0.00%,,,,,,
Swoobat,12,Psychic Flying,5,Woobat,,,,,,,,,Hariyama,13,521,,0,526,0.00%,,,,,,
Drilbur,5,Ground,5,Drilbur,,,,,,,,,Azelf,13,521,,0,527,0.00%,,,,,,
Excadrill,41,Ground Steel,5,Drilbur,,,,,,,,,Vanillite,13,521,,0,528,0.00%,,,,,,
Audino,34,Normal Fairy,5,Audino,,,,,,,,,Mandibuzz,13,521,,1,529,0.12%,,,,,,
Timburr,3,Fighting,5,Timburr,,,,,,,,,Durant,13,521,,0,530,0.00%,,,,,,
Gurdurr,3,Fighting,5,Timburr,,,,,,,,,Deino,13,521,,0,531,0.00%,,,,,,
Conkeldurr,15,Fighting,5,Timburr,,,,,,,,,Clawitzer,13,521,,0,532,0.00%,,,,,,
Tympole,6,Water,5,Tympole,,,,,,,,,Noibat,13,521,,0,533,0.00%,,,,,,
Palpitoad,4,Water Ground,5,Tympole,,,,,,,,,Mareanie,13,521,,1,534,0.12%,,,,,,
Seismitoad,8,Water Ground,5,Tympole,,,,,,,,,Komala,13,521,,0,535,0.00%,,,,,,
Throh,9,Fighting,5,Throh,,,,,,,,,Stakataka,13,521,,0,536,0.00%,,,,,,
Sawk,7,Fighting,5,Sawk,,,,,,,,,Melmetal,13,521,,0,537,0.00%,,,,,,
Sewaddle,1,Bug Grass,5,Sewaddle,,,,,,,,,Golbat,12,539,,0,538,0.00%,,,,,,
Swadloon,11,Bug Grass,5,Sewaddle,,,,,,,,,Weepinbell,12,539,,0,539,0.00%,,,,,,
Leavanny,20,Bug Grass,5,Sewaddle,,,,,,,,,Voltorb,12,539,,0,540,0.00%,,,,,,
Venipede,2,Bug Poison,5,Venipede,,,,,,,,,Sentret,12,539,,0,541,0.00%,,,,,,
Whirlipede,5,Bug Poison,5,Venipede,,,,,,,,,Sunflora,12,539,,1,542,0.12%,,,,,,
Scolipede,80,Bug Poison,5,Venipede,,,,,,,,,Wurmple,12,539,,0,543,0.00%,,,,,,
Cottonee,2,Grass Fairy,5,Cottonee,,,,,,,,,Shuppet,12,539,,0,544,0.00%,,,,,,
Whimsicott,139,Grass Fairy,5,Cottonee,,,,,,,,,Hippowdon,12,539,,0,545,0.00%,,,,,,
Petilil,7,Grass,5,Petilil,,,,,,,,,Carnivine,12,539,,0,546,0.00%,,,,,,
Lilligant,94,Grass,5,Petilil,,,,,,,,,Lumineon,12,539,,0,547,0.00%,,,,,,
Basculin,5,Water Water,5,Basculin,,,,,,,,,Swoobat,12,539,,0,548,0.00%,,,,,,
Sandile,16,Ground Dark,5,Sandile,,,,,,,,,Elgyem,12,539,,0,549,0.00%,,,,,,
Krokorok,10,Ground Dark,5,Sandile,,,,,,,,,Lampent,12,539,,0,550,0.00%,,,,,,
Krookodile,95,Ground Dark,5,Sandile,,,,,,,,,Furfrou,12,539,,1,551,0.12%,,,,,,
Darumaka,10,Fire,5,Darumaka,,,,,,,,,Barbaracle,12,539,,0,552,0.00%,,,,,,
Darmanitan,32,Fire Fire Psychic,5,Darumaka,,,,,,,,,Vikavolt,12,539,,0,553,0.00%,,,,,,
Maractus,57,Grass,5,Maractus,,,,,,,,,Solgaleo,12,539,,0,554,0.00%,,,,,,
Dwebble,7,Bug Rock,5,Dwebble,,,,,,,,,Seadra,11,556,,0,555,0.00%,,,,,,
Crustle,21,Bug Rock,5,Dwebble,,,,,,,,,Spinarak,11,556,,0,556,0.00%,,,,,,
Scraggy,44,Dark Fighting,5,Scraggy,,,,,,,,,Regice,11,556,,0,557,0.00%,,,,,,
Scrafty,80,Dark Fighting,5,Scraggy,,,,,,,,,Grotle,11,556,,0,558,0.00%,,,,,,
Sigilyph,44,Psychic Flying,5,Sigilyph,,,,,,,,,Prinplup,11,556,,0,559,0.00%,,,,,,
Yamask,4,Ghost,5,Yamask,,,,,,,,,Swadloon,11,556,,0,560,0.00%,,,,,,
Cofagrigus,37,Ghost,5,Yamask,,,,,,,,,Froakie,11,556,,0,561,0.00%,,,,,,
Tirtouga,4,Water Rock,5,Tirtouga,,,,,,,,,Vivillon,11,556,,0,562,0.00%,,,,,,
Carracosta,20,Water Rock,5,Tirtouga,,,,,,,,,Helioptile,11,556,,0,563,0.00%,,,,,,
Archen,10,Rock Flying,5,Archen,,,,,,,,,Tyrunt,11,556,,0,564,0.00%,,,,,,
Archeops,46,Rock Flying,5,Archen,,,,,,,,,Carbink,11,556,,0,565,0.00%,,,,,,
Trubbish,51,Poison,5,Trubbish,,,,,,,,,Zygarde,11,556,,0,566,0.00%,,,,,,
Garbodor,30,Poison,5,Trubbish,,,,,,,,,Oricorio,11,556,,0,567,0.00%,,,,,,
Zorua,82,Dark,5,Zorua,,,,,,,,,Stufful,11,556,,0,568,0.00%,,,,,,
Zoroark,159,Dark,5,Zorua,,,,,,,,,Lunala,11,556,,0,569,0.00%,,,,,,
Minccino,23,Normal,5,Minccino,,,,,,,,,Nihilego,11,556,,0,570,0.00%,,,,,,
Cinccino,40,Normal,5,Minccino,,,,,,,,,Kartana,11,556,,0,571,0.00%,,,,,,
Gothita,0,Psychic,5,Gothita,,,,,,,,,Azurill,10,573,,0,572,0.00%,,,,,,
Gothorita,5,Psychic,5,Gothita,,,,,,,,,Nosepass,10,573,,0,573,0.00%,,,,,,
Gothitelle,16,Psychic,5,Gothita,,,,,,,,,Purugly,10,573,,0,574,0.00%,,,,,,
Solosis,8,Psychic,5,Solosis,,,,,,,,,Mantyke,10,573,,0,575,0.00%,,,,,,
Duosion,2,Psychic,5,Solosis,,,,,,,,,Snover,10,573,,0,576,0.00%,,,,,,
Reuniclus,112,Psychic,5,Solosis,,,,,,,,,Liepard,10,573,,0,577,0.00%,,,,,,
Ducklett,10,Water Flying,5,Ducklett,,,,,,,,,Woobat,10,573,,0,578,0.00%,,,,,,
Swanna,5,Water Flying,5,Ducklett,,,,,,,,,Krokorok,10,573,,0,579,0.00%,,,,,,
Vanillite,13,Ice,5,Vanillite,,,,,,,,,Darumaka,10,573,,0,580,0.00%,,,,,,
Vanillish,6,Ice,5,Vanillite,,,,,,,,,Archen,10,573,,1,581,0.12%,,,,,,
Vanilluxe,29,Ice,5,Vanillite,,,,,,,,,Ducklett,10,573,,0,582,0.00%,,,,,,
Deerling,5,Normal Grass,5,Deerling,,,,,,,,,Beartic,10,573,,0,583,0.00%,,,,,,
Sawsbuck,32,Normal Grass,5,Deerling,,,,,,,,,Doublade,10,573,,0,584,0.00%,,,,,,
Emolga,46,Electric Flying,5,Emolga,,,,,,,,,Avalugg,10,573,,1,585,0.12%,,,,,,
Karrablast,2,Bug,5,Karrablast,,,,,,,,,Torracat,10,573,,0,586,0.00%,,,,,,
Escavalier,25,Bug Steel,5,Karrablast,,,,,,,,,Toucannon,10,573,,0,587,0.00%,,,,,,
Foongus,5,Grass Poison,5,Foongus,,,,,,,,,Shiinotic,10,573,,0,588,0.00%,,,,,,
Amoonguss,4,Grass Poison,5,Foongus,,,,,,,,,Type-Null,10,573,,0,589,0.00%,,,,,,
Frillish,2,Water Ghost Water Ghost,5,Frillish,,,,,,,,,Bruxish,10,573,,0,590,0.00%,,,,,,
Jellicent,23,Water Ghost Water Ghost,5,Frillish,,,,,,,,,Tapu-Koko,10,573,,0,591,0.00%,,,,,,
Alomomola,1,Water,5,Alomomola,,,,,,,,,Cosmog,10,573,,0,592,0.00%,,,,,,
Joltik,79,Bug Electric,5,Joltik,,,,,,,,,Pheromosa,10,573,,0,593,0.00%,,,,,,
Galvantula,117,Bug Electric,5,Joltik,,,,,,,,,Ekans,9,595,,0,594,0.00%,,,,,,
Ferroseed,3,Grass Steel,5,Ferroseed,,,,,,,,,Tentacool,9,595,,0,595,0.00%,,,,,,
Ferrothorn,39,Grass Steel,5,Ferroseed,,,,,,,,,Horsea,9,595,,0,596,0.00%,,,,,,
Klink,5,Steel,5,Klink,,,,,,,,,Vigoroth,9,595,,0,597,0.00%,,,,,,
Klang,4,Steel,5,Klink,,,,,,,,,Volbeat,9,595,,0,598,0.00%,,,,,,
Klinklang,32,Steel,5,Klink,,,,,,,,,Luvdisc,9,595,,0,599,0.00%,,,,,,
Tynamo,6,Electric,5,Tynamo,,,,,,,,,Kricketot,9,595,,0,600,0.00%,,,,,,
Eelektrik,0,Electric,5,Tynamo,,,,,,,,,Cranidos,9,595,,0,601,0.00%,,,,,,
Eelektross,49,Electric,5,Tynamo,,,,,,,,,Mime-Jr,9,595,,0,602,0.00%,,,,,,
Elgyem,12,Psychic,5,Elgyem,,,,,,,,,Gabite,9,595,,0,603,0.00%,,,,,,
Beheeyem,20,Psychic,5,Elgyem,,,,,,,,,Cresselia,9,595,,1,604,0.12%,,,,,,
Litwick,60,Ghost Fire,5,Litwick,,,,,,,,,Throh,9,595,,0,605,0.00%,,,,,,
Lampent,12,Ghost Fire,5,Litwick,,,,,,,,,Fletchinder,9,595,,0,606,0.00%,,,,,,
Chandelure,222,Ghost Fire,5,Litwick,,,,,,,,,Aromatisse,9,595,,1,607,0.12%,,,,,,
Axew,17,Dragon,5,Axew,,,,,,,,,Swirlix,9,595,,0,608,0.00%,,,,,,
Fraxure,6,Dragon,5,Axew,,,,,,,,,Charjabug,9,595,,0,609,0.00%,,,,,,
Haxorus,115,Dragon,5,Axew,,,,,,,,,Palossand,9,595,,0,610,0.00%,,,,,,
Cubchoo,8,Ice,5,Cubchoo,,,,,,,,,Togedemaru,9,595,,0,611,0.00%,,,,,,
Beartic,10,Ice,5,Cubchoo,,,,,,,,,Poipole,9,595,,0,612,0.00%,,,,,,
Cryogonal,16,Ice,5,Cryogonal,,,,,,,,,Naganadel,9,595,,1,613,0.12%,,,,,,
Shelmet,2,Bug,5,Shelmet,,,,,,,,,Seaking,8,615,,0,614,0.00%,,,,,,
Accelgor,16,Bug,5,Shelmet,,,,,,,,,Hoothoot,8,615,,0,615,0.00%,,,,,,
Stunfisk,27,Ground Electric,5,Stunfisk,,,,,,,,,Granbull,8,615,,0,616,0.00%,,,,,,
Mienfoo,3,Fighting,5,Mienfoo,,,,,,,,,Taillow,8,615,,0,617,0.00%,,,,,,
Mienshao,29,Fighting,5,Mienfoo,,,,,,,,,Electrike,8,615,,0,618,0.00%,,,,,,
Druddigon,17,Dragon,5,Druddigon,,,,,,,,,Lunatone,8,615,,0,619,0.00%,,,,,,
Golett,8,Ground Ghost,5,Golett,,,,,,,,,Anorith,8,615,,0,620,0.00%,,,,,,
Golurk,87,Ground Ghost,5,Golett,,,,,,,,,Clamperl,8,615,,0,621,0.00%,,,,,,
Pawniard,6,Dark Steel,5,Pawniard,,,,,,,,,Metang,8,615,,0,622,0.00%,,,,,,
Bisharp,93,Dark Steel,5,Pawniard,,,,,,,,,Bibarel,8,615,,0,623,0.00%,,,,,,
Bouffalant,5,Normal,5,Bouffalant,,,,,,,,,Cherubi,8,615,,0,624,0.00%,,,,,,
Rufflet,5,Normal Flying,5,Rufflet,,,,,,,,,Finneon,8,615,,0,625,0.00%,,,,,,
Braviary,33,Normal Flying,5,Rufflet,,,,,,,,,Simisear,8,615,,0,626,0.00%,,,,,,
Vullaby,3,Dark Flying,5,Vullaby,,,,,,,,,Seismitoad,8,615,,0,627,0.00%,,,,,,
Mandibuzz,13,Dark Flying,5,Vullaby,,,,,,,,,Solosis,8,615,,0,628,0.00%,,,,,,
Heatmor,6,Fire,5,Heatmor,,,,,,,,,Cubchoo,8,615,,0,629,0.00%,,,,,,
Durant,13,Bug Steel,5,Durant,,,,,,,,,Golett,8,615,,0,630,0.00%,,,,,,
Deino,13,Dark Dragon,5,Deino,,,,,,,,,Amaura,8,615,,0,631,0.00%,,,,,,
Zweilous,4,Dark Dragon,5,Deino,,,,,,,,,Hoopa,8,615,,0,632,0.00%,,,,,,
Hydreigon,166,Dark Dragon,5,Deino,,,,,,,,,Salandit,8,615,,0,633,0.00%,,,,,,
Larvesta,19,Bug Fire,5,Larvesta,,,,,,,,,Celesteela,8,615,,0,634,0.00%,,,,,,
Volcarona,290,Bug Fire,5,Larvesta,,,,,,,,,Blacephalon,8,615,,0,635,0.00%,,,,,,
Cobalion,7,Steel Fighting,5,Cobalion,,,,,,,,,Nidoran-F,7,637,,0,636,0.00%,,,,,,
Terrakion,3,Rock Fighting,5,Terrakion,,,,,,,,,Doduo,7,637,,0,637,0.00%,,,,,,
Virizion,4,Grass Fighting,5,Virizion,,,,,,,,,Pineco,7,637,,0,638,0.00%,,,,,,
Tornadus,2,Flying,5,Tornadus,,,,,,,,,Wynaut,7,637,,0,639,0.00%,,,,,,
Thundurus,4,Electric Flying,5,Thundurus,,,,,,,,,Gorebyss,7,637,,0,640,0.00%,,,,,,
Reshiram,38,Dragon Fire,5,Reshiram,,,,,,,,,Staravia,7,637,,0,641,0.00%,,,,,,
Zekrom,39,Dragon Electric,5,Zekrom,,,,,,,,,Budew,7,637,,0,642,0.00%,,,,,,
Landorus,2,Ground Flying,5,Landorus,,,,,,,,,Burmy,7,637,,0,643,0.00%,,,,,,
Kyurem,21,Dragon Ice,5,Kyurem,,,,,,,,,Mothim,7,637,,0,644,0.00%,,,,,,
Keldeo,14,Water Fighting,5,Keldeo,,,,,,,,,Bonsly,7,637,,0,645,0.00%,,,,,,
Meloetta,36,Normal Psychic Normal Fighting,5,Meloetta,,,,,,,,,Heatran,7,637,,0,646,0.00%,,,,,,
Genesect,28,Bug Steel,5,Genesect,,,,,,,,,Pignite,7,637,,0,647,0.00%,,,,,,
Chespin,29,Grass,6,Chespin,,,,,,,,,Herdier,7,637,,0,648,0.00%,,,,,,
Quilladin,3,Grass,6,Chespin,,,,,,,,,Musharna,7,637,,0,649,0.00%,,,,,,
Chesnaught,20,Grass Fighting,6,Chespin,,,,,,,,,Pidove,7,637,,0,650,0.00%,,,,,,
Fennekin,23,Fire,6,Fennekin,,,,,,,,,Sawk,7,637,,0,651,0.00%,,,,,,
Braixen,46,Fire,6,Fennekin,,,,,,,,,Petilil,7,637,,0,652,0.00%,,,,,,
Delphox,41,Fire Psychic,6,Fennekin,,,,,,,,,Dwebble,7,637,,0,653,0.00%,,,,,,
Froakie,11,Water,6,Froakie,,,,,,,,,Cobalion,7,637,,0,654,0.00%,,,,,,
Frogadier,3,Water,6,Froakie,,,,,,,,,Sliggoo,7,637,,0,655,0.00%,,,,,,
Greninja,219,Water Dark,6,Froakie,,,,,,,,,Bergmite,7,637,,0,656,0.00%,,,,,,
Bunnelby,2,Normal,6,Bunnelby,,,,,,,,,Passimian,7,637,,0,657,0.00%,,,,,,
Diggersby,4,Normal Ground,6,Bunnelby,,,,,,,,,Magearna,7,637,,0,658,0.00%,,,,,,
Fletchling,6,Normal Flying,6,Fletchling,,,,,,,,,Nidorina,6,660,,0,659,0.00%,,,,,,
Fletchinder,9,Fire Flying,6,Fletchling,,,,,,,,,Cleffa,6,660,,0,660,0.00%,,,,,,
Talonflame,31,Fire Flying,6,Fletchling,,,,,,,,,Combusken,6,660,,0,661,0.00%,,,,,,
Scatterbug,2,Bug,6,Scatterbug,,,,,,,,,Lombre,6,660,,0,662,0.00%,,,,,,
Spewpa,6,Bug,6,Scatterbug,,,,,,,,,Nuzleaf,6,660,,0,663,0.00%,,,,,,
Vivillon,11,Bug Flying,6,Scatterbug,,,,,,,,,Solrock,6,660,,0,664,0.00%,,,,,,
Litleo,4,Fire Normal,6,Litleo,,,,,,,,,Feebas,6,660,,0,665,0.00%,,,,,,
Pyroar,19,Fire Normal,6,Litleo,,,,,,,,,Regirock,6,660,,0,666,0.00%,,,,,,
Flabebe,4,Fairy,6,Flabebe,,,,,,,,,Shieldon,6,660,,0,667,0.00%,,,,,,
Floette,5,Fairy,6,Flabebe,,,,,,,,,Chingling,6,660,,0,668,0.00%,,,,,,
Florges,5,Fairy,6,Flabebe,,,,,,,,,Stunky,6,660,,0,669,0.00%,,,,,,
Skiddo,14,Grass,6,Skiddo,,,,,,,,,Bronzor,6,660,,0,670,0.00%,,,,,,
Gogoat,37,Grass,6,Skiddo,,,,,,,,,Hippopotas,6,660,,0,671,0.00%,,,,,,
Pancham,20,Fighting,6,Pancham,,,,,,,,,Servine,6,660,,0,672,0.00%,,,,,,
Pangoro,28,Fighting Dark,6,Pancham,,,,,,,,,Pansage,6,660,,0,673,0.00%,,,,,,
Furfrou,12,Normal,6,Furfrou,,,,,,,,,Boldore,6,660,,0,674,0.00%,,,,,,
Espurr,57,Psychic,6,Espurr,,,,,,,,,Tympole,6,660,,0,675,0.00%,,,,,,
Meowstic,45,Psychic,6,Espurr,,,,,,,,,Vanillish,6,660,,0,676,0.00%,,,,,,
Honedge,28,Steel Ghost,6,Honedge,,,,,,,,,Tynamo,6,660,,0,677,0.00%,,,,,,
Doublade,10,Steel Ghost,6,Honedge,,,,,,,,,Fraxure,6,660,,0,678,0.00%,,,,,,
Aegislash,168,Steel Ghost,6,Honedge,,,,,,,,,Pawniard,6,660,,0,679,0.00%,,,,,,
Spritzee,3,Fairy,6,Spritzee,,,,,,,,,Heatmor,6,660,,0,680,0.00%,,,,,,
Aromatisse,9,Fairy,6,Spritzee,,,,,,,,,Fletchling,6,660,,0,681,0.00%,,,,,,
Swirlix,9,Fairy,6,Swirlix,,,,,,,,,Spewpa,6,660,,0,682,0.00%,,,,,,
Slurpuff,21,Fairy,6,Swirlix,,,,,,,,,Brionne,6,660,,0,683,0.00%,,,,,,
Inkay,21,Dark Psychic,6,Inkay,,,,,,,,,Oranguru,6,660,,0,684,0.00%,,,,,,
Malamar,33,Dark Psychic,6,Inkay,,,,,,,,,Turtonator,6,660,,0,685,0.00%,,,,,,
Binacle,2,Rock Water,6,Binacle,,,,,,,,,Ledyba,5,687,,0,686,0.00%,,,,,,
Barbaracle,12,Rock Water,6,Binacle,,,,,,,,,Igglybuff,5,687,,0,687,0.00%,,,,,,
Skrelp,5,Poison Water,6,Skrelp,,,,,,,,,Tyrogue,5,687,,0,688,0.00%,,,,,,
Dragalge,24,Poison Dragon,6,Skrelp,,,,,,,,,Smoochum,5,687,,0,689,0.00%,,,,,,
Clauncher,2,Water,6,Clauncher,,,,,,,,,Magby,5,687,,0,690,0.00%,,,,,,
Clawitzer,13,Water,6,Clauncher,,,,,,,,,Dustox,5,687,,0,691,0.00%,,,,,,
Helioptile,11,Electric Normal,6,Helioptile,,,,,,,,,Whismur,5,687,,0,692,0.00%,,,,,,
Heliolisk,25,Electric Normal,6,Helioptile,,,,,,,,,Loudred,5,687,,0,693,0.00%,,,,,,
Tyrunt,11,Rock Dragon,6,Tyrunt,,,,,,,,,Illumise,5,687,,0,694,0.00%,,,,,,
Tyrantrum,73,Rock Dragon,6,Tyrunt,,,,,,,,,Shelgon,5,687,,0,695,0.00%,,,,,,
Amaura,8,Rock Ice,6,Amaura,,,,,,,,,Happiny,5,687,,0,696,0.00%,,,,,,
Aurorus,19,Rock Ice,6,Amaura,,,,,,,,,Mesprit,5,687,,0,697,0.00%,,,,,,
Sylveon,282,Fairy,6,Eevee,,,,,,,,,Simisage,5,687,,0,698,0.00%,,,,,,
Hawlucha,64,Fighting Flying,6,Hawlucha,,,,,,,,,Unfezant,5,687,,0,699,0.00%,,,,,,
Dedenne,28,Electric Fairy,6,Dedenne,,,,,,,,,Drilbur,5,687,,0,700,0.00%,,,,,,
Carbink,11,Rock Fairy,6,Carbink,,,,,,,,,Whirlipede,5,687,,0,701,0.00%,,,,,,
Goomy,53,Dragon,6,Goomy,,,,,,,,,Basculin,5,687,,0,702,0.00%,,,,,,
Sliggoo,7,Dragon,6,Goomy,,,,,,,,,Gothorita,5,687,,0,703,0.00%,,,,,,
Goodra,85,Dragon,6,Goomy,,,,,,,,,Swanna,5,687,,0,704,0.00%,,,,,,
Klefki,44,Steel Fairy,6,Klefki,,,,,,,,,Deerling,5,687,,0,705,0.00%,,,,,,
Phantump,28,Ghost Grass,6,Phantump,,,,,,,,,Foongus,5,687,,0,706,0.00%,,,,,,
Trevenant,29,Ghost Grass,6,Phantump,,,,,,,,,Klink,5,687,,0,707,0.00%,,,,,,
Pumpkaboo,34,Ghost Grass,6,Pumpkaboo,,,,,,,,,Bouffalant,5,687,,0,708,0.00%,,,,,,
Gourgeist,24,Ghost Grass,6,Pumpkaboo,,,,,,,,,Rufflet,5,687,,0,709,0.00%,,,,,,
Bergmite,7,Ice,6,Bergmite,,,,,,,,,Floette,5,687,,1,710,0.12%,,,,,,
Avalugg,10,Ice,6,Bergmite,,,,,,,,,Florges,5,687,,0,711,0.00%,,,,,,
Noibat,13,Flying Dragon,6,Noibat,,,,,,,,,Skrelp,5,687,,0,712,0.00%,,,,,,
Noivern,116,Flying Dragon,6,Noibat,,,,,,,,,Volcanion,5,687,,0,713,0.00%,,,,,,
Xerneas,21,Fairy,6,Xerneas,,,,,,,,,Grubbin,5,687,,0,714,0.00%,,,,,,
Yveltal,35,Dark Flying,6,Yveltal,,,,,,,,,Crabrawler,5,687,,0,715,0.00%,,,,,,
Zygarde,11,Dragon Ground,6,Zygarde,,,,,,,,,Wishiwashi,5,687,,0,716,0.00%,,,,,,
Diancie,16,Rock Fairy,6,Diancie,,,,,,,,,Mudbray,5,687,,0,717,0.00%,,,,,,
Hoopa,8,Psychic Ghost Psychic Dark,6,Hoopa,,,,,,,,,Morelull,5,687,,0,718,0.00%,,,,,,
Volcanion,5,Fire Water,6,Volcanion,,,,,,,,,Comfey,5,687,,0,719,0.00%,,,,,,
Rowlet,89,Grass Flying,7,Rowlet,,,,,,,,,Sandygast,5,687,,0,720,0.00%,,,,,,
Dartrix,2,Grass Flying,7,Rowlet,,,,,,,,,Makuhita,4,722,,0,721,0.00%,,,,,,
Decidueye,107,Grass Ghost,7,Rowlet,,,,,,,,,Lileep,4,722,,0,722,0.00%,,,,,,
Litten,31,Fire,7,Litten,,,,,,,,,Wormadam,4,722,,0,723,0.00%,,,,,,
Torracat,10,Fire,7,Litten,,,,,,,,,Watchog,4,722,,0,724,0.00%,,,,,,
Incineroar,58,Fire Dark,7,Litten,,,,,,,,,Lillipup,4,722,,0,725,0.00%,,,,,,
Popplio,26,Water,7,Popplio,,,,,,,,,Simipour,4,722,,0,726,0.00%,,,,,,
Brionne,6,Water,7,Popplio,,,,,,,,,Munna,4,722,,0,727,0.00%,,,,,,
Primarina,51,Water Fairy,7,Popplio,,,,,,,,,Tranquill,4,722,,0,728,0.00%,,,,,,
Pikipek,3,Normal Flying,7,Pikipek,,,,,,,,,Blitzle,4,722,,0,729,0.00%,,,,,,
Trumbeak,1,Normal Flying,7,Pikipek,,,,,,,,,Roggenrola,4,722,,0,730,0.00%,,,,,,
Toucannon,10,Normal Flying,7,Pikipek,,,,,,,,,Palpitoad,4,722,,0,731,0.00%,,,,,,
Yungoos,0,Normal,7,Yungoos,,,,,,,,,Yamask,4,722,,0,732,0.00%,,,,,,
Gumshoos,4,Normal,7,Yungoos,,,,,,,,,Tirtouga,4,722,,0,733,0.00%,,,,,,
Grubbin,5,Bug,7,Grubbin,,,,,,,,,Amoonguss,4,722,,0,734,0.00%,,,,,,
Charjabug,9,Bug Electric,7,Grubbin,,,,,,,,,Klang,4,722,,0,735,0.00%,,,,,,
Vikavolt,12,Bug Electric,7,Grubbin,,,,,,,,,Zweilous,4,722,,0,736,0.00%,,,,,,
Crabrawler,5,Fighting,7,Crabrawler,,,,,,,,,Virizion,4,722,,0,737,0.00%,,,,,,
Crabominable,2,Fighting Ice,7,Crabrawler,,,,,,,,,Thundurus,4,722,,0,738,0.00%,,,,,,
Oricorio,11,Fire Flying Ghost Flying,7,Oricorio,,,,,,,,,Diggersby,4,722,,0,739,0.00%,,,,,,
Cutiefly,23,Bug Fairy,7,Cutiefly,,,,,,,,,Litleo,4,722,,0,740,0.00%,,,,,,
Ribombee,41,Bug Fairy,7,Cutiefly,,,,,,,,,Flabebe,4,722,,0,741,0.00%,,,,,,
Rockruff,20,Rock,7,Rockruff,,,,,,,,,Gumshoos,4,722,,0,742,0.00%,,,,,,
Lycanroc,91,Rock,7,Rockruff,,,,,,,,,Hakamo-O,4,722,,0,743,0.00%,,,,,,
Wishiwashi,5,Water,7,Wishiwashi,,,,,,,,,Tapu-Lele,4,722,,0,744,0.00%,,,,,,
Mareanie,13,Poison Water,7,Mareanie,,,,,,,,,Skiploom,3,746,,0,745,0.00%,,,,,,
Toxapex,35,Poison Water,7,Mareanie,,,,,,,,,Remoraid,3,746,,0,746,0.00%,,,,,,
Mudbray,5,Ground,7,Mudbray,,,,,,,,,Nincada,3,746,,0,747,0.00%,,,,,,
Mudsdale,14,Ground,7,Mudbray,,,,,,,,,Carvanha,3,746,,0,748,0.00%,,,,,,
Dewpider,2,Water Bug,7,Dewpider,,,,,,,,,Sealeo,3,746,,0,749,0.00%,,,,,,
Araquanid,25,Water Bug,7,Dewpider,,,,,,,,,Glameow,3,746,,0,750,0.00%,,,,,,
Fomantis,3,Grass,7,Fomantis,,,,,,,,,Uxie,3,746,,0,751,0.00%,,,,,,
Lurantis,26,Grass,7,Fomantis,,,,,,,,,Purrloin,3,746,,0,752,0.00%,,,,,,
Morelull,5,Grass Fairy,7,Morelull,,,,,,,,,Timburr,3,746,,0,753,0.00%,,,,,,
Shiinotic,10,Grass Fairy,7,Morelull,,,,,,,,,Gurdurr,3,746,,0,754,0.00%,,,,,,
Salandit,8,Poison Fire,7,Salandit,,,,,,,,,Ferroseed,3,746,,0,755,0.00%,,,,,,
Salazzle,33,Poison Fire,7,Salandit,,,,,,,,,Mienfoo,3,746,,0,756,0.00%,,,,,,
Stufful,11,Normal Fighting,7,Stufful,,,,,,,,,Vullaby,3,746,,0,757,0.00%,,,,,,
Bewear,36,Normal Fighting,7,Stufful,,,,,,,,,Terrakion,3,746,,0,758,0.00%,,,,,,
Bounsweet,3,Grass,7,Bounsweet,,,,,,,,,Quilladin,3,746,,0,759,0.00%,,,,,,
Steenee,3,Grass,7,Bounsweet,,,,,,,,,Frogadier,3,746,,0,760,0.00%,,,,,,
Tsareena,25,Grass,7,Bounsweet,,,,,,,,,Spritzee,3,746,,0,761,0.00%,,,,,,
Comfey,5,Fairy,7,Comfey,,,,,,,,,Pikipek,3,746,,0,762,0.00%,,,,,,
Oranguru,6,Normal Psychic,7,Oranguru,,,,,,,,,Fomantis,3,746,,0,763,0.00%,,,,,,
Passimian,7,Fighting,7,Passimian,,,,,,,,,Bounsweet,3,746,,0,764,0.00%,,,,,,
Wimpod,3,Bug Water,7,Wimpod,,,,,,,,,Steenee,3,746,,0,765,0.00%,,,,,,
Golisopod,79,Bug Water,7,Wimpod,,,,,,,,,Wimpod,3,746,,0,766,0.00%,,,,,,
Sandygast,5,Ghost Ground,7,Sandygast,,,,,,,,,Jangmo-O,3,746,,0,767,0.00%,,,,,,
Palossand,9,Ghost Ground,7,Sandygast,,,,,,,,,Meltan,3,746,,0,768,0.00%,,,,,,
Pyukumuku,49,Water,7,Pyukumuku,,,,,,,,,Spearow,2,770,,0,769,0.00%,,,,,,
Type-Null,10,Normal,7,Type-Null,,,,,,,,,Goldeen,2,770,,0,770,0.00%,,,,,,
Silvally,32,Normal,7,Type-Null,,,,,,,,,Pupitar,2,770,,0,771,0.00%,,,,,,
Minior,32,Rock Flying,7,Minior,,,,,,,,,Beautifly,2,770,,0,772,0.00%,,,,,,
Komala,13,Normal,7,Komala,,,,,,,,,Cascoon,2,770,,0,773,0.00%,,,,,,
Turtonator,6,Fire Dragon,7,Turtonator,,,,,,,,,Meditite,2,770,,0,774,0.00%,,,,,,
Togedemaru,9,Electric Steel,7,Togedemaru,,,,,,,,,Barboach,2,770,,0,775,0.00%,,,,,,
Mimikyu,284,Ghost Fairy,7,Mimikyu,,,,,,,,,Huntail,2,770,,0,776,0.00%,,,,,,
Bruxish,10,Water Psychic,7,Bruxish,,,,,,,,,Phione,2,770,,0,777,0.00%,,,,,,
Drampa,15,Normal Dragon,7,Drampa,,,,,,,,,Pansear,2,770,,0,778,0.00%,,,,,,
Dhelmise,24,Ghost Grass,7,Dhelmise,,,,,,,,,Panpour,2,770,,0,779,0.00%,,,,,,
Jangmo-O,3,Dragon,7,Jangmo-o,,,,,,,,,Venipede,2,770,,0,780,0.00%,,,,,,
Hakamo-O,4,Dragon Fighting,7,Jangmo-o,,,,,,,,,Cottonee,2,770,,0,781,0.00%,,,,,,
Kommo-O,14,Dragon Fighting,7,Jangmo-o,,,,,,,,,Duosion,2,770,,0,782,0.00%,,,,,,
Tapu-Koko,10,Electric Fairy,7,Tapu-Koko,,,,,,,,,Karrablast,2,770,,0,783,0.00%,,,,,,
Tapu-Lele,4,Psychic Fairy,7,Tapu-Lele,,,,,,,,,Frillish,2,770,,0,784,0.00%,,,,,,
Tapu-Bulu,2,Grass Fairy,7,Tapu-Bulu,,,,,,,,,Shelmet,2,770,,0,785,0.00%,,,,,,
Tapu-Fini,2,Water Fairy,7,Tapu-Fini,,,,,,,,,Tornadus,2,770,,0,786,0.00%,,,,,,
Cosmog,10,Psychic,7,Cosmog,,,,,,,,,Landorus,2,770,,0,787,0.00%,,,,,,
Cosmoem,1,Psychic,7,Cosmog,,,,,,,,,Bunnelby,2,770,,0,788,0.00%,,,,,,
Solgaleo,12,Psychic Steel,7,Cosmog,,,,,,,,,Scatterbug,2,770,,0,789,0.00%,,,,,,
Lunala,11,Psychic Ghost,7,Cosmog,,,,,,,,,Binacle,2,770,,0,790,0.00%,,,,,,
Nihilego,11,Rock Poison,7,Nihilego,,,,,,,,,Clauncher,2,770,,0,791,0.00%,,,,,,
Buzzwole,19,Bug Fighting,7,Buzzwole,,,,,,,,,Dartrix,2,770,,0,792,0.00%,,,,,,
Pheromosa,10,Bug Fighting,7,Pheromosa,,,,,,,,,Crabominable,2,770,,0,793,0.00%,,,,,,
Xurkitree,21,Electric,7,Xurkitree,,,,,,,,,Dewpider,2,770,,0,794,0.00%,,,,,,
Celesteela,8,Steel Flying,7,Celesteela,,,,,,,,,Tapu-Bulu,2,770,,0,795,0.00%,,,,,,
Kartana,11,Grass Steel,7,Kartana,,,,,,,,,Tapu-Fini,2,770,,0,796,0.00%,,,,,,
Guzzlord,15,Dark Dragon,7,Guzzlord,,,,,,,,,Exeggcute,1,798,,0,797,0.00%,,,,,,
Necrozma,23,Psychic,7,Necrozma,,,,,,,,,Baltoy,1,798,,0,798,0.00%,,,,,,
Magearna,7,Steel Fairy,7,Magearna,,,,,,,,,Skorupi,1,798,,0,799,0.00%,,,,,,
Marshadow,29,Fighting Ghost,7,Marshadow,,,,,,,,,Patrat,1,798,,0,800,0.00%,,,,,,
Poipole,9,Poison,7,Poipole,,,,,,,,,Sewaddle,1,798,,0,801,0.00%,,,,,,
Naganadel,9,Poison Dragon,7,Poipole,,,,,,,,,Alomomola,1,798,,0,802,0.00%,,,,,,
Stakataka,13,Rock Steel,7,Stakataka,,,,,,,,,Trumbeak,1,798,,0,803,0.00%,,,,,,
Blacephalon,8,Fire Ghost,7,Blacephalon,,,,,,,,,Cosmoem,1,798,,0,804,0.00%,,,,,,
Zeraora,17,Electric,7,Zeraora,,,,,,,,,Silcoon,0,806,,0,805,0.00%,,,,,,
Meltan,3,Steel,7,Meltan,,,,,,,,,Gothita,0,806,,0,806,0.00%,,,,,,
Melmetal,13,Steel,7,Meltan,,,,,,,,,Eelektrik,0,806,,0,807,0.00%,,,,,,
,,,,,,,,,,,,,Yungoos,0,806,,0,808,0.00%,,,,,,
,,,,,,,,,,,,,,,806,,0,809,0.00%,,,,,,
,,,,,,,,,,,,,,,806,,0,810,0.00%,,,,,,
,,,,,,,,,,,,,,,806,,0,811,0.00%,,,,,,
,,,,,,,,,,,,,,,806,,0,812,0.00%,,,,,,
,,,,,,,,,,,,,,,806,,0,813,0.00%,,,,,,
,,,,,,,,,,,,,,,806,,0,814,0.00%,,,,,,
,,,,,,,,,,,,,,,806,,0,815,0.00%,,,,,,
,,,,,,,,,,,,,,,806,,0,816,0.00%,,,,,,
,,,,,,,,,,,,,,,806,,0,817,0.00%,,,,,,
,,,,,,,,,,,,,,,806,,0,818,0.00%,,,,,,
,,,,,,,,,,,,,,,806,,0,819,0.00%,,,,,,
,,,,,,,,,,,,,,,,,0,820,0.00%,,,,,,
,,,,,,,,,,,,,,,,,0,821,0.00%,,,,,,
,,,,,,,,,,,,,,,,,0,822,0.00%,,,,,,
,,,,,,,,,,,,,,,,,0,823,0.00%,,,,,,
,,,,,,,,,,,,,,,,,0,824,0.00%,,,,,,
,,,,,,,,,,,,,,,,,0,825,0.00%,,,,,,
,,,,,,,,,,,,,,,,,0,826,0.00%,,,,,,
,,,,,,,,,,,,,,,,,0,827,0.00%,,,,,,
,,,,,,,,,,,,,,,,,0,828,0.00%,,,,,,
,,,,,,,,,,,,,,,,,0,829,0.00%,,,,,,
,,,,,,,,,,,,,,,,,0,830,0.00%,,,,,,
,,,,,,,,,,,,,,,,,0,831,0.00%,,,,,,
,,,,,,,,,,,,,,,,,0,832,0.00%,,,,,,
,,,,,,,,,,,,,,,,,0,833,0.00%,,,,,,
,,,,,,,,,,,,,,,,,0,834,0.00%,,,,,,
,,,,,,,,,,,,,,,,,0,835,0.00%,,,,,,
,,,,,,,,,,,,,,,,,0,836,0.00%,,,,,,
,,,,,,,,,,,,,,,,,0,837,0.00%,,,,,,
,,,,,,,,,,,,,,,,,0,838,0.00%,,,,,,
,,,,,,,,,,,,,,,,,0,839,0.00%,,,,,,
,,,,,,,,,,,,,,,,,0,840,0.00%,,,,,,
,,,,,,,,,,,,,,,,,0,841,0.00%,,,,,,
,,,,,,,,,,,,,,,,,0,842,0.00%,,,,,,
,,,,,,,,,,,,,,,,,0,843,0.00%,,,,,,
,,,,,,,,,,,,,,,,,0,844,0.00%,,,,,,
,,,,,,,,,,,,,,,,,0,845,0.00%,,,,,,
,,,,,,,,,,,,,,,,,0,846,0.00%,,,,,,
,,,,,,,,,,,,,,,,,0,847,0.00%,,,,,,
,,,,,,,,,,,,,,,,,0,848,0.00%,,,,,,
,,,,,,,,,,,,,,,,,0,849,0.00%,,,,,,
,,,,,,,,,,,,,,,,,0,850,0.00%,,,,,,
,,,,,,,,,,,,,,,,,0,851,0.00%,,,,,,
,,,,,,,,,,,,,,,,,0,852,0.00%,,,,,,
,,,,,,,,,,,,,,,,,0,853,0.00%,,,,,,
,,,,,,,,,,,,,,,,,0,854,0.00%,,,,,,
,,,,,,,,,,,,,,,,,0,855,0.00%,,,,,,
,,,,,,,,,,,,,,,,,0,856,0.00%,,,,,,
,,,,,,,,,,,,,,,,,0,857,0.00%,,,,,,
,,,,,,,,,,,,,,,,,0,858,0.00%,,,,,,
,,,,,,,,,,,,,,,,,0,859,0.00%,,,,,,
,,,,,,,,,,,,,,,,,0,860,0.00%,,,,,,
,,,,,,,,,,,,,,,,,0,861,0.00%,,,,,,
,,,,,,,,,,,,,,,,,0,862,0.00%,,,,,,
,,,,,,,,,,,,,,,,,0,863,0.00%,,,,,,
,,,,,,,,,,,,,,,,,0,864,0.00%,,,,,,
,,,,,,,,,,,,,,,,,0,865,0.00%,,,,,,
,,,,,,,,,,,,,,,,,0,866,0.00%,,,,,,
,,,,,,,,,,,,,,,,,0,867,0.00%,,,,,,
,,,,,,,,,,,,,,,,,0,868,0.00%,,,,,,
,,,,,,,,,,,,,,,,,0,869,0.00%,,,,,,
,,,,,,,,,,,,,,,,,0,870,0.00%,,,,,,
,,,,,,,,,,,,,,,,,0,871,0.00%,,,,,,
,,,,,,,,,,,,,,,,,0,872,0.00%,,,,,,
,,,,,,,,,,,,,,,,,0,873,0.00%,,,,,,
,,,,,,,,,,,,,,,,,0,874,0.00%,,,,,,
,,,,,,,,,,,,,,,,,0,875,0.00%,,,,,,
,,,,,,,,,,,,,,,,,0,876,0.00%,,,,,,
,,,,,,,,,,,,,,,,,0,877,0.00%,,,,,,
,,,,,,,,,,,,,,,,,0,878,0.00%,,,,,,
,,,,,,,,,,,,,,,,,0,879,0.00%,,,,,,
,,,,,,,,,,,,,,,,,0,880,0.00%,,,,,,
,,,,,,,,,,,,,,,,,0,881,0.00%,,,,,,
,,,,,,,,,,,,,,,,,0,882,0.00%,,,,,,
,,,,,,,,,,,,,,,,,0,883,0.00%,,,,,,
,,,,,,,,,,,,,,,,,0,884,0.00%,,,,,,
,,,,,,,,,,,,,,,,,0,885,0.00%,,,,,,
,,,,,,,,,,,,,,,,,0,886,0.00%,,,,,,
,,,,,,,,,,,,,,,,,0,887,0.00%,,,,,,
,,,,,,,,,,,,,,,,,0,888,0.00%,,,,,,
,,,,,,,,,,,,,,,,,0,889,0.00%,,,,,,
,,,,,,,,,,,,,,,,,0,890,0.00%,,,,,,
,,,,,,,,,,,,,,,,,0,891,0.00%,,,,,,
,,,,,,,,,,,,,,,,,0,892,0.00%,,,,,,
,,,,,,,,,,,,,,,,,0,893,0.00%,,,,,,
,,,,,,,,,,,,,,,,,0,894,0.00%,,,,,,
,,,,,,,,,,,,,,,,,0,895,0.00%,,,,,,
,,,,,,,,,,,,,,,,,0,896,0.00%,,,,,,
,,,,,,,,,,,,,,,,,0,897,0.00%,,,,,,
,,,,,,,,,,,,,,,,,0,898,0.00%,,,,,,
,,,,,,,,,,,,,,,,,0,899,0.00%,,,,,,
,,,,,,,,,,,,,,,,,0,900,0.00%,,,,,,
,,,,,,,,,,,,,,,,,0,901,0.00%,,,,,,
,,,,,,,,,,,,,,,,,0,902,0.00%,,,,,,
,,,,,,,,,,,,,,,,,0,903,0.00%,,,,,,
,,,,,,,,,,,,,,,,,0,904,0.00%,,,,,,
,,,,,,,,,,,,,,,,,0,905,0.00%,,,,,,
,,,,,,,,,,,,,,,,,0,906,0.00%,,,,,,
,,,,,,,,,,,,,,,,,0,907,0.00%,,,,,,
,,,,,,,,,,,,,,,,,0,908,0.00%,,,,,,
,,,,,,,,,,,,,,,,,0,909,0.00%,,,,,,
,,,,,,,,,,,,,,,,,0,910,0.00%,,,,,,
,,,,,,,,,,,,,,,,,0,911,0.00%,,,,,,
,,,,,,,,,,,,,,,,,0,912,0.00%,,,,,,
,,,,,,,,,,,,,,,,,0,913,0.00%,,,,,,
,,,,,,,,,,,,,,,,,0,914,0.00%,,,,,,
,,,,,,,,,,,,,,,,,0,915,0.00%,,,,,,
,,,,,,,,,,,,,,,,,0,916,0.00%,,,,,,
,,,,,,,,,,,,,,,,,0,917,0.00%,,,,,,
,,,,,,,,,,,,,,,,,0,918,0.00%,,,,,,
,,,,,,,,,,,,,,,,,0,919,0.00%,,,,,,
,,,,,,,,,,,,,,,,,0,920,0.00%,,,,,,
,,,,,,,,,,,,,,,,,0,921,0.00%,,,,,,
,,,,,,,,,,,,,,,,,0,922,0.00%,,,,,,
,,,,,,,,,,,,,,,,,1,923,0.12%,,,,,,
,,,,,,,,,,,,,,,,,0,924,0.00%,,,,,,
,,,,,,,,,,,,,,,,,0,925,0.00%,,,,,,
,,,,,,,,,,,,,,,,,0,926,0.00%,,,,,,
,,,,,,,,,,,,,,,,,0,927,0.00%,,,,,,
,,,,,,,,,,,,,,,,,0,928,0.00%,,,,,,
,,,,,,,,,,,,,,,,,0,929,0.00%,,,,,,
,,,,,,,,,,,,,,,,,0,930,0.00%,,,,,,
,,,,,,,,,,,,,,,,,0,931,0.00%,,,,,,
,,,,,,,,,,,,,,,,,0,932,0.00%,,,,,,
,,,,,,,,,,,,,,,,,0,933,0.00%,,,,,,
,,,,,,,,,,,,,,,,,0,934,0.00%,,,,,,
,,,,,,,,,,,,,,,,,0,935,0.00%,,,,,,
,,,,,,,,,,,,,,,,,0,936,0.00%,,,,,,
,,,,,,,,,,,,,,,,,0,937,0.00%,,,,,,
,,,,,,,,,,,,,,,,,0,938,0.00%,,,,,,
,,,,,,,,,,,,,,,,,0,939,0.00%,,,,,,
,,,,,,,,,,,,,,,,,0,940,0.00%,,,,,,
,,,,,,,,,,,,,,,,,0,941,0.00%,,,,,,
,,,,,,,,,,,,,,,,,0,942,0.00%,,,,,,
,,,,,,,,,,,,,,,,,0,943,0.00%,,,,,,
,,,,,,,,,,,,,,,,,0,944,0.00%,,,,,,
,,,,,,,,,,,,,,,,,0,945,0.00%,,,,,,
,,,,,,,,,,,,,,,,,0,946,0.00%,,,,,,
,,,,,,,,,,,,,,,,,0,947,0.00%,,,,,,
,,,,,,,,,,,,,,,,,0,948,0.00%,,,,,,
,,,,,,,,,,,,,,,,,0,949,0.00%,,,,,,
,,,,,,,,,,,,,,,,,0,950,0.00%,,,,,,
,,,,,,,,,,,,,,,,,0,951,0.00%,,,,,,
,,,,,,,,,,,,,,,,,0,952,0.00%,,,,,,
,,,,,,,,,,,,,,,,,0,953,0.00%,,,,,,
,,,,,,,,,,,,,,,,,0,954,0.00%,,,,,,
,,,,,,,,,,,,,,,,,0,955,0.00%,,,,,,
,,,,,,,,,,,,,,,,,0,956,0.00%,,,,,,
,,,,,,,,,,,,,,,,,0,957,0.00%,,,,,,
,,,,,,,,,,,,,,,,,0,958,0.00%,,,,,,
,,,,,,,,,,,,,,,,,0,959,0.00%,,,,,,
,,,,,,,,,,,,,,,,,0,960,0.00%,,,,,,
,,,,,,,,,,,,,,,,,0,961,0.00%,,,,,,
,,,,,,,,,,,,,,,,,0,962,0.00%,,,,,,
,,,,,,,,,,,,,,,,,0,963,0.00%,,,,,,
,,,,,,,,,,,,,,,,,0,964,0.00%,,,,,,
,,,,,,,,,,,,,,,,,0,965,0.00%,,,,,,
,,,,,,,,,,,,,,,,,0,966,0.00%,,,,,,
,,,,,,,,,,,,,,,,,0,967,0.00%,,,,,,
,,,,,,,,,,,,,,,,,0,968,0.00%,,,,,,
,,,,,,,,,,,,,,,,,0,969,0.00%,,,,,,
,,,,,,,,,,,,,,,,,0,970,0.00%,,,,,,
,,,,,,,,,,,,,,,,,0,971,0.00%,,,,,,
,,,,,,,,,,,,,,,,,0,972,0.00%,,,,,,
,,,,,,,,,,,,,,,,,0,973,0.00%,,,,,,
,,,,,,,,,,,,,,,,,0,974,0.00%,,,,,,
,,,,,,,,,,,,,,,,,0,975,0.00%,,,,,,
,,,,,,,,,,,,,,,,,0,976,0.00%,,,,,,
,,,,,,,,,,,,,,,,,0,977,0.00%,,,,,,
,,,,,,,,,,,,,,,,,0,978,0.00%,,,,,,
,,,,,,,,,,,,,,,,,0,979,0.00%,,,,,,
,,,,,,,,,,,,,,,,,0,980,0.00%,,,,,,
,,,,,,,,,,,,,,,,,0,981,0.00%,,,,,,
,,,,,,,,,,,,,,,,,0,982,0.00%,,,,,,
,,,,,,,,,,,,,,,,,0,983,0.00%,,,,,,
,,,,,,,,,,,,,,,,,0,984,0.00%,,,,,,
,,,,,,,,,,,,,,,,,0,985,0.00%,,,,,,
,,,,,,,,,,,,,,,,,0,986,0.00%,,,,,,
,,,,,,,,,,,,,,,,,0,987,0.00%,,,,,,
,,,,,,,,,,,,,,,,,0,988,0.00%,,,,,,
,,,,,,,,,,,,,,,,,0,989,0.00%,,,,,,
,,,,,,,,,,,,,,,,,0,990,0.00%,,,,,,
,,,,,,,,,,,,,,,,,0,991,0.00%,,,,,,
,,,,,,,,,,,,,,,,,0,992,0.00%,,,,,,
,,,,,,,,,,,,,,,,,0,993,0.00%,,,,,,
,,,,,,,,,,,,,,,,,0,994,0.00%,,,,,,
,,,,,,,,,,,,,,,,,0,995,0.00%,,,,,,
,,,,,,,,,,,,,,,,,0,996,0.00%,,,,,,
,,,,,,,,,,,,,,,,,0,997,0.00%,,,,,,
,,,,,,,,,,,,,,,,,0,998,0.00%,,,,,,
,,,,,,,,,,,,,,,,,0,999,0.00%,,,,,,
,,,,,,,,,,,,,,,,,0,1000,0.00%,,,,,,
,,,,,,,,,,,,,,,,,0,1001,0.00%,,,,,,
,,,,,,,,,,,,,,,,,0,1002,0.00%,,,,,,
,,,,,,,,,,,,,,,,,0,1003,0.00%,,,,,,
,,,,,,,,,,,,,,,,,0,1004,0.00%,,,,,,
,,,,,,,,,,,,,,,,,0,1005,0.00%,,,,,,
,,,,,,,,,,,,,,,,,0,1006,0.00%,,,,,,
,,,,,,,,,,,,,,,,,0,1007,0.00%,,,,,,
,,,,,,,,,,,,,,,,,0,1008,0.00%,,,,,,
,,,,,,,,,,,,,,,,,0,1009,0.00%,,,,,,
,,,,,,,,,,,,,,,,,0,1010,0.00%,,,,,,
,,,,,,,,,,,,,,,,,0,1011,0.00%,,,,,,
,,,,,,,,,,,,,,,,,0,1012,0.00%,,,,,,
,,,,,,,,,,,,,,,,,0,1013,0.00%,,,,,,
,,,,,,,,,,,,,,,,,0,1014,0.00%,,,,,,
,,,,,,,,,,,,,,,,,0,1015,0.00%,,,,,,
,,,,,,,,,,,,,,,,,0,1016,0.00%,,,,,,
,,,,,,,,,,,,,,,,,0,1017,0.00%,,,,,,
,,,,,,,,,,,,,,,,,0,1018,0.00%,,,,,,
,,,,,,,,,,,,,,,,,0,1019,0.00%,,,,,,
,,,,,,,,,,,,,,,,,0,1020,0.00%,,,,,,
,,,,,,,,,,,,,,,,,0,1021,0.00%,,,,,,
,,,,,,,,,,,,,,,,,0,1022,0.00%,,,,,,
,,,,,,,,,,,,,,,,,0,1023,0.00%,,,,,,
,,,,,,,,,,,,,,,,,0,1024,0.00%,,,,,,
,,,,,,,,,,,,,,,,,0,1025,0.00%,,,,,,
,,,,,,,,,,,,,,,,,0,1026,0.00%,,,,,,
,,,,,,,,,,,,,,,,,0,1027,0.00%,,,,,,
,,,,,,,,,,,,,,,,,0,1028,0.00%,,,,,,
,,,,,,,,,,,,,,,,,0,1029,0.00%,,,,,,
,,,,,,,,,,,,,,,,,0,1030,0.00%,,,,,,
,,,,,,,,,,,,,,,,,0,1031,0.00%,,,,,,
,,,,,,,,,,,,,,,,,0,1032,0.00%,,,,,,
,,,,,,,,,,,,,,,,,0,1033,0.00%,,,,,,
,,,,,,,,,,,,,,,,,0,1034,0.00%,,,,,,
,,,,,,,,,,,,,,,,,0,1035,0.00%,,,,,,
,,,,,,,,,,,,,,,,,0,1036,0.00%,,,,,,
,,,,,,,,,,,,,,,,,0,1037,0.00%,,,,,,
,,,,,,,,,,,,,,,,,0,1038,0.00%,,,,,,
,,,,,,,,,,,,,,,,,0,1039,0.00%,,,,,,
,,,,,,,,,,,,,,,,,0,1040,0.00%,,,,,,
,,,,,,,,,,,,,,,,,0,1041,0.00%,,,,,,
,,,,,,,,,,,,,,,,,0,1042,0.00%,,,,,,
,,,,,,,,,,,,,,,,,0,1043,0.00%,,,,,,
,,,,,,,,,,,,,,,,,0,1044,0.00%,,,,,,
,,,,,,,,,,,,,,,,,0,1045,0.00%,,,,,,
,,,,,,,,,,,,,,,,,0,1046,0.00%,,,,,,
,,,,,,,,,,,,,,,,,0,1047,0.00%,,,,,,
,,,,,,,,,,,,,,,,,0,1048,0.00%,,,,,,
,,,,,,,,,,,,,,,,,0,1049,0.00%,,,,,,
,,,,,,,,,,,,,,,,,0,1050,0.00%,,,,,,
,,,,,,,,,,,,,,,,,0,1051,0.00%,,,,,,
,,,,,,,,,,,,,,,,,0,1052,0.00%,,,,,,
,,,,,,,,,,,,,,,,,0,1053,0.00%,,,,,,
,,,,,,,,,,,,,,,,,0,1054,0.00%,,,,,,
,,,,,,,,,,,,,,,,,0,1055,0.00%,,,,,,
,,,,,,,,,,,,,,,,,1,1056,0.12%,,,,,,
,,,,,,,,,,,,,,,,,0,1057,0.00%,,,,,,
,,,,,,,,,,,,,,,,,0,1058,0.00%,,,,,,
,,,,,,,,,,,,,,,,,0,1059,0.00%,,,,,,
,,,,,,,,,,,,,,,,,0,1060,0.00%,,,,,,
,,,,,,,,,,,,,,,,,0,1061,0.00%,,,,,,
,,,,,,,,,,,,,,,,,0,1062,0.00%,,,,,,
,,,,,,,,,,,,,,,,,0,1063,0.00%,,,,,,
,,,,,,,,,,,,,,,,,0,1064,0.00%,,,,,,
,,,,,,,,,,,,,,,,,0,1065,0.00%,,,,,,
,,,,,,,,,,,,,,,,,0,1066,0.00%,,,,,,
,,,,,,,,,,,,,,,,,0,1067,0.00%,,,,,,
,,,,,,,,,,,,,,,,,0,1068,0.00%,,,,,,
,,,,,,,,,,,,,,,,,0,1069,0.00%,,,,,,
,,,,,,,,,,,,,,,,,0,1070,0.00%,,,,,,
,,,,,,,,,,,,,,,,,0,1071,0.00%,,,,,,
,,,,,,,,,,,,,,,,,0,1072,0.00%,,,,,,
,,,,,,,,,,,,,,,,,0,1073,0.00%,,,,,,
,,,,,,,,,,,,,,,,,0,1074,0.00%,,,,,,
,,,,,,,,,,,,,,,,,0,1075,0.00%,,,,,,
,,,,,,,,,,,,,,,,,0,1076,0.00%,,,,,,
,,,,,,,,,,,,,,,,,0,1077,0.00%,,,,,,
,,,,,,,,,,,,,,,,,0,1078,0.00%,,,,,,
,,,,,,,,,,,,,,,,,0,1079,0.00%,,,,,,
,,,,,,,,,,,,,,,,,0,1080,0.00%,,,,,,
,,,,,,,,,,,,,,,,,0,1081,0.00%,,,,,,
,,,,,,,,,,,,,,,,,0,1082,0.00%,,,,,,
,,,,,,,,,,,,,,,,,0,1083,0.00%,,,,,,
,,,,,,,,,,,,,,,,,0,1084,0.00%,,,,,,
,,,,,,,,,,,,,,,,,0,1085,0.00%,,,,,,
,,,,,,,,,,,,,,,,,0,1086,0.00%,,,,,,
,,,,,,,,,,,,,,,,,0,1087,0.00%,,,,,,
,,,,,,,,,,,,,,,,,0,1088,0.00%,,,,,,
,,,,,,,,,,,,,,,,,0,1089,0.00%,,,,,,
,,,,,,,,,,,,,,,,,0,1090,0.00%,,,,,,
,,,,,,,,,,,,,,,,,0,1091,0.00%,,,,,,
,,,,,,,,,,,,,,,,,0,1092,0.00%,,,,,,
,,,,,,,,,,,,,,,,,0,1093,0.00%,,,,,,
,,,,,,,,,,,,,,,,,0,1094,0.00%,,,,,,
,,,,,,,,,,,,,,,,,0,1095,0.00%,,,,,,
,,,,,,,,,,,,,,,,,0,1096,0.00%,,,,,,
,,,,,,,,,,,,,,,,,0,1097,0.00%,,,,,,
,,,,,,,,,,,,,,,,,0,1098,0.00%,,,,,,
,,,,,,,,,,,,,,,,,0,1099,0.00%,,,,,,
